Date,Price,Open,High,Low,Vol,Change
2015-01-02,4855.04,4857.6,4860.58,4789.16,291290000.0,1.17
2015-01-05,4702.88,4845.72,4894.7,4700.12,593300000.0,-3.13
2015-01-06,4640.26,4697.98,4707.81,4640.26,450640000.0,-1.33
2015-01-07,4606.25,4650.1,4679.09,4602.48,358320000.0,-0.73
2015-01-08,4743.56,4682.26,4754.36,4670.82,292950000.0,2.98
2015-01-09,4686.3,4756.88,4790.91,4650.56,277320000.0,-1.21
2015-01-12,4705.06,4685.05,4721.94,4652.48,227580000.0,0.4
2015-01-13,4826.39,4695.13,4826.39,4686.17,236570000.0,2.58
2015-01-14,4892.83,4806.51,4975.92,4806.51,612590000.0,1.38
2015-01-15,4956.77,4941.27,4981.65,4871.33,582380000.0,1.31
2015-01-16,5018.72,4947.85,5020.53,4927.03,357210000.0,1.25
2015-01-19,5059.92,5038.66,5059.92,4998.85,336020000.0,0.82
2015-01-20,5052.22,5059.06,5093.27,5022.41,382460000.0,-0.15
2015-01-21,5151.39,5058.02,5151.39,5027.21,445400000.0,1.96
2015-01-22,5273.15,5181.17,5273.15,5130.64,896520000.0,2.36
2015-01-23,5300.59,5337.62,5349.3,5289.36,548600000.0,0.52
2015-01-26,5360.03,5223.04,5376.69,5215.14,336350000.0,1.12
2015-01-27,5276.99,5350.22,5376.37,5256.14,238840000.0,-1.55
2015-01-28,5197.72,5301.9,5314.27,5182.86,750680000.0,-1.5
2015-01-29,5225.65,5180.5,5228.01,5097.4,622230000.0,0.54
2015-01-30,5144.55,5210.52,5218.7,5137.44,294900000.0,-1.55
2015-02-02,5213.34,5171.44,5225.79,5126.53,330850000.0,1.34
2015-02-03,5304.82,5245.69,5309.69,5243.3,619490000.0,1.75
2015-02-04,5274.97,5327.01,5327.01,5238.6,225770000.0,-0.56
2015-02-05,5273.54,5195.78,5277.92,5188.17,327780000.0,-0.03
2015-02-06,5264.63,5286.91,5289.08,5230.57,339340000.0,-0.17
2015-02-09,5220.72,5251.68,5281.28,5193.47,257090000.0,-0.83
2015-02-10,5227.12,5258.55,5261.01,5199.8,341160000.0,0.12
2015-02-11,5158.43,5211.17,5211.17,5141.85,243030000.0,-1.31
2015-02-12,5250.08,5151.74,5274.8,5147.41,429280000.0,1.78
2015-02-13,5334.81,5281.04,5349.57,5278.94,521960000.00000006,1.61
2015-02-16,5337.12,5354.79,5368.77,5328.64,263940000.0,0.04
2015-02-17,5415.95,5322.58,5429.85,5309.37,813350000.0,1.48
2015-02-18,5486.3,5443.09,5490.43,5443.09,533800000.0,1.3
2015-02-19,5454.82,5474.34,5474.34,5434.9,381820000.0,-0.57
2015-02-20,5469.88,5458.86,5485.71,5444.8,415040000.0,0.28
2015-02-23,5494.44,5511.86,5512.86,5462.44,392910000.0,0.45
2015-02-24,5588.87,5483.33,5588.87,5467.4,368770000.0,1.72
2015-02-25,5587.04,5584.18,5598.11,5549.49,404040000.0,-0.03
2015-02-26,5654.89,5583.86,5660.28,5565.09,932960000.0,1.21
2015-02-27,5689.7,5648.2,5689.7,5631.54,461970000.0,0.62
2015-03-02,5647.07,5696.99,5707.26,5631.03,251210000.0,-0.75
2015-03-03,5627.59,5688.24,5710.28,5620.13,1090000000.0,-0.34
2015-03-04,5541.1,5642.39,5660.77,5536.64,315530000.0,-1.54
2015-03-05,5636.67,5531.59,5648.85,5519.63,243480000.0,1.72
2015-03-06,5686.16,5650.02,5704.61,5641.57,344730000.0,0.88
2015-03-09,5686.56,5669.79,5713.3,5626.92,466050000.0,0.01
2015-03-10,5552.82,5681.52,5687.71,5534.85,545740000.0,-2.35
2015-03-11,5672.93,5569.2,5675.23,5561.07,814310000.0,2.16
2015-03-12,5719.85,5678.93,5719.85,5657.9,635190000.0,0.83
2015-03-13,5741.51,5730.11,5771.56,5715.63,423280000.0,0.38
2015-03-16,5789.53,5741.17,5797.94,5740.26,274440000.0,0.84
2015-03-17,5769.67,5799.64,5809.24,5729.48,427330000.0,-0.34
2015-03-18,5822.42,5779.47,5822.42,5731.0,396030000.0,0.91
2015-03-19,5871.55,5843.17,5893.85,5843.17,328580000.0,0.84
2015-03-20,5986.51,5884.6,5998.98,5880.29,825440000.0,1.96
2015-03-23,6005.01,5963.0,6005.01,5935.03,931380000.0,0.31
2015-03-24,6066.93,5985.11,6074.81,5966.28,1270000000.0,1.03
2015-03-25,6015.48,6053.88,6086.38,6006.37,823150000.0,-0.85
2015-03-26,5949.13,5972.89,5983.02,5895.98,534330000.00000006,-1.1
2015-03-27,6011.82,5974.65,6015.97,5944.01,399440000.0,1.05
2015-03-30,6015.79,6032.58,6062.94,5991.07,264920000.00000003,0.07
2015-03-31,5968.53,5992.79,6043.46,5934.16,257860000.0,-0.79
2015-04-01,6014.51,5941.45,6028.4,5940.22,325430000.0,0.77
2015-04-02,6035.36,6011.82,6035.36,5994.76,142080000.0,0.35
2015-04-07,6093.06,6038.86,6139.36,6038.82,505530000.0,0.96
2015-04-08,6203.59,6153.13,6226.94,6148.79,300040000.0,1.81
2015-04-09,6324.88,6221.76,6335.01,6209.63,379200000.0,1.96
2015-04-10,6308.18,6329.76,6348.46,6287.73,193760000.0,-0.26
2015-04-13,6313.26,6312.48,6316.16,6279.75,168950000.0,0.08
2015-04-14,6236.92,6303.7,6345.39,6213.38,391840000.0,-1.21
2015-04-15,6294.69,6236.95,6318.09,6233.21,261600000.00000003,0.93
2015-04-16,6140.86,6298.64,6298.64,6136.84,295630000.0,-2.44
2015-04-17,6001.87,6124.29,6136.12,5995.34,493330000.0,-2.26
2015-04-20,6041.56,6009.98,6072.45,6004.66,408550000.0,0.66
2015-04-21,6075.22,6079.99,6139.95,6029.53,464030000.0,0.56
2015-04-22,6014.1,6075.24,6076.53,5976.33,280040000.0,-1.01
2015-04-23,5984.51,6028.6,6042.01,5952.02,209440000.0,-0.49
2015-04-24,6038.61,6003.79,6071.5,5983.34,281110000.0,0.9
2015-04-27,6132.83,6052.4,6136.11,5979.5,247320000.0,1.56
2015-04-28,6098.04,6137.06,6137.06,6056.99,294490000.0,-0.57
2015-04-29,6011.06,6109.56,6118.32,5994.37,252700000.0,-1.43
2015-04-30,6094.68,6037.06,6102.39,6032.11,254770000.0,1.39
2015-05-04,6203.15,6115.78,6243.19,6089.0,404260000.0,1.78
2015-05-05,6053.7,6196.59,6219.53,6053.7,484890000.0,-2.41
2015-05-06,6034.63,6072.38,6074.1,6000.68,257980000.00000003,-0.32
2015-05-07,5999.67,6026.4,6027.53,5926.49,395240000.0,-0.58
2015-05-08,6109.89,6027.34,6113.04,6026.81,450360000.0,1.84
2015-05-11,6147.23,6109.82,6147.23,6109.82,259100000.00000003,0.61
2015-05-12,6101.98,6065.42,6101.98,6029.99,690780000.0,-0.74
2015-05-13,6156.09,6116.61,6197.24,6115.33,1110000000.0,0.89
2015-05-14,6161.15,6155.24,6166.68,6107.14,452450000.0,0.08
2015-05-15,6120.58,6174.81,6182.71,6112.57,263470000.00000003,-0.66
2015-05-18,6106.3,6122.9,6140.99,6058.31,335900000.0,-0.23
2015-05-19,6134.46,6123.45,6161.63,6123.45,257580000.0,0.46
2015-05-20,6100.31,6106.44,6130.41,6094.59,302110000.0,-0.56
2015-05-21,6103.63,6096.28,6127.6,6080.78,165840000.0,0.05
2015-05-22,6101.47,6107.94,6117.81,6071.94,145680000.0,-0.04
2015-05-25,5989.81,6079.89,6081.79,5978.4,173250000.0,-1.83
2015-05-26,5871.82,5968.92,5981.6,5860.42,346080000.0,-1.97
2015-05-27,5925.61,5864.56,5941.37,5843.37,479160000.0,0.92
2015-05-28,5931.91,5914.62,5959.31,5898.39,268620000.0,0.11
2015-05-29,5839.5,5921.97,5923.61,5839.5,452800000.0,-1.56
2015-06-01,5837.5,5852.24,5890.63,5825.96,259850000.00000003,-0.03
2015-06-02,5879.8,5853.33,5912.2,5814.3,335870000.0,0.72
2015-06-03,5936.78,5886.06,5967.98,5865.71,383350000.0,0.97
2015-06-04,5872.98,5922.7,5923.2,5860.07,231260000.0,-1.07
2015-06-05,5804.53,5858.88,5873.31,5796.38,243590000.0,-1.17
2015-06-08,5649.8,5775.48,5792.89,5649.8,250580000.0,-2.67
2015-06-09,5649.0,5628.65,5654.7,5557.39,251710000.0,-0.01
2015-06-10,5781.65,5636.61,5782.17,5611.56,171080000.0,2.35
2015-06-11,5848.66,5814.94,5930.21,5811.43,317760000.0,1.16
2015-06-12,5761.12,5792.38,5815.42,5710.0,285700000.0,-1.5
2015-06-15,5627.05,5669.87,5694.38,5612.42,467010000.0,-2.33
2015-06-16,5629.93,5583.23,5653.02,5501.6,539040000.0,0.05
2015-06-17,5583.6,5643.29,5666.07,5576.2,252240000.0,-0.82
2015-06-18,5583.05,5548.53,5604.24,5512.4,304300000.0,-0.01
2015-06-19,5621.63,5566.78,5695.54,5562.45,642510000.0,0.69
2015-06-22,5743.96,5738.8,5786.19,5668.8,533150000.0,2.18
2015-06-23,5921.04,5787.34,5926.55,5785.13,555920000.0,3.08
2015-06-24,5842.41,5913.9,5935.67,5813.8,459420000.0,-1.33
2015-06-25,5817.54,5798.33,5883.14,5765.3,366560000.0,-0.43
2015-06-26,5834.91,5794.07,5866.7,5768.91,262500000.0,0.3
2015-06-29,5530.5,5498.42,5620.9,5475.33,774830000.0,-5.22
2015-06-30,5551.94,5502.19,5604.12,5429.33,719650000.0,0.39
2015-07-01,5633.2,5589.61,5676.91,5519.92,497480000.0,1.46
2015-07-02,5617.71,5631.47,5647.05,5614.3,216120000.0,-0.27
2015-07-03,5579.38,5616.72,5616.9,5520.1,206940000.0,-0.68
2015-07-06,5366.84,5421.39,5501.19,5340.68,539050000.0,-3.81
2015-07-07,5246.41,5377.38,5415.91,5242.2,353750000.0,-2.24
2015-07-08,5320.44,5256.26,5348.54,5252.0,267150000.0,1.41
2015-07-09,5532.18,5370.08,5532.18,5365.19,473180000.0,3.98
2015-07-10,5700.13,5659.66,5716.3,5624.01,572130000.0,3.04
2015-07-13,5802.77,5702.36,5860.99,5697.33,721690000.0,1.8
2015-07-14,5766.97,5795.74,5804.38,5708.04,344940000.0,-0.62
2015-07-15,5812.83,5771.43,5812.83,5769.77,298160000.0,0.8
2015-07-16,5890.24,5863.13,5904.27,5859.58,394250000.0,1.33
2015-07-17,5865.23,5911.39,5912.73,5852.34,179810000.0,-0.42
2015-07-20,5866.29,5865.66,5929.72,5856.01,207640000.0,0.02
2015-07-21,5828.89,5895.16,5897.38,5810.07,315180000.0,-0.64
2015-07-22,5813.1,5784.15,5833.14,5776.14,167580000.0,-0.27
2015-07-23,5825.0,5846.37,5866.8,5825.0,267720000.00000003,0.2
2015-07-24,5790.52,5824.2,5838.63,5780.1,211790000.0,-0.59
2015-07-27,5676.86,5775.97,5780.96,5674.05,282280000.0,-1.96
2015-07-28,5659.86,5706.88,5706.88,5624.64,601600000.0,-0.3
2015-07-29,5698.99,5693.01,5717.8,5623.01,367100000.0,0.69
2015-07-30,5739.69,5752.57,5766.81,5698.79,233960000.0,0.71
2015-07-31,5715.61,5739.04,5749.27,5677.38,250620000.0,-0.42
2015-08-03,5746.51,5697.54,5767.78,5667.48,215740000.0,0.54
2015-08-04,5710.92,5742.26,5742.47,5689.45,368350000.0,-0.62
2015-08-05,5757.2,5729.43,5764.1,5725.92,200860000.0,0.81
2015-08-06,5624.73,5736.31,5738.48,5621.7,603440000.0,-2.3
2015-08-07,5589.77,5624.01,5638.58,5589.07,350810000.0,-0.62
2015-08-10,5618.79,5612.27,5626.51,5547.59,277040000.0,0.52
2015-08-11,5516.37,5600.37,5606.45,5507.03,199370000.0,-1.82
2015-08-12,5454.19,5478.78,5512.76,5421.76,310970000.0,-1.13
2015-08-13,5565.81,5530.31,5588.35,5499.81,351550000.0,2.05
2015-08-14,5560.84,5594.11,5640.63,5559.33,203590000.0,-0.09
2015-08-17,5605.93,5592.44,5615.87,5563.79,203540000.0,0.81
2015-08-18,5597.22,5595.56,5619.68,5578.29,193950000.0,-0.16
2015-08-19,5495.75,5575.31,5575.98,5495.75,186400000.0,-1.81
2015-08-20,5436.44,5467.61,5480.78,5422.14,128660000.0,-1.08
2015-08-21,5288.12,5362.08,5419.96,5288.12,203350000.0,-2.73
2015-08-24,4981.26,5054.17,5133.53,4860.13,704210000.0,-5.8
2015-08-25,5215.97,5041.85,5230.88,5023.41,467630000.0,4.71
2015-08-26,5164.19,5159.33,5283.98,5096.66,580190000.0,-0.99
2015-08-27,5305.4,5277.25,5331.4,5265.82,456950000.0,2.73
2015-08-28,5286.23,5319.86,5325.97,5230.04,209180000.0,-0.36
2015-08-31,5261.15,5272.06,5275.57,5220.29,200940000.0,-0.47
2015-09-01,5126.86,5206.37,5223.87,5097.48,252780000.0,-2.55
2015-09-02,5088.02,5152.55,5180.26,5076.97,272530000.0,-0.76
2015-09-03,5165.68,5133.25,5188.82,5088.62,294610000.0,1.53
2015-09-04,5057.37,5126.11,5127.35,5052.93,406840000.0,-2.1
2015-09-07,5030.0,5094.15,5110.77,5015.38,422560000.0,-0.54
2015-09-08,5070.95,5065.57,5133.22,5059.92,291080000.0,0.81
2015-09-09,5088.86,5160.65,5161.72,5074.42,424440000.0,0.35
2015-09-10,5057.0,5035.35,5073.97,4977.4,619970000.0,-0.63
2015-09-11,5021.95,5055.72,5062.05,5012.77,387050000.0,-0.69
2015-09-14,4992.22,5028.54,5091.29,4975.94,375000000.0,-0.59
2015-09-15,5012.41,5001.74,5039.24,4936.47,404530000.0,0.4
2015-09-16,5100.61,5056.48,5111.3,5056.48,337780000.0,1.76
2015-09-17,5111.27,5106.1,5118.65,5057.19,242980000.0,0.21
2015-09-18,5075.14,5094.53,5107.59,5015.59,395420000.0,-0.71
2015-09-21,5134.58,5079.39,5153.3,5075.75,271490000.0,1.17
2015-09-22,5011.14,5126.58,5126.58,4989.09,242770000.0,-2.4
2015-09-23,5030.45,5020.47,5074.03,4981.17,191740000.0,0.39
2015-09-24,4958.21,5025.45,5068.88,4938.75,286900000.0,-1.44
2015-09-25,5059.51,5018.95,5085.42,5018.46,160720000.0,2.04
2015-09-28,4966.2,5053.17,5067.42,4962.85,329640000.0,-1.84
2015-09-29,4896.39,4929.33,4961.47,4890.49,623250000.0,-1.41
2015-09-30,5047.29,4976.28,5050.26,4955.83,450020000.0,3.08
2015-10-01,5109.25,5106.21,5132.24,5066.23,681340000.0,1.23
2015-10-02,5216.81,5140.49,5245.66,5131.97,922900000.0,2.11
2015-10-05,5397.91,5295.58,5397.91,5280.42,653090000.0,3.47
2015-10-06,5461.71,5417.56,5477.09,5360.06,1180000000.0,1.18
2015-10-07,5496.77,5497.49,5558.35,5475.91,851110000.0,0.64
2015-10-08,5495.22,5483.98,5524.15,5444.82,550560000.0,-0.03
2015-10-09,5518.53,5582.47,5588.86,5498.07,664830000.0,0.42
2015-10-12,5350.31,5512.7,5519.38,5338.86,616700000.0,-3.05
2015-10-13,5276.33,5301.49,5301.49,5210.89,621070000.0,-1.38
2015-10-14,5287.74,5231.76,5342.51,5219.71,484740000.0,0.22
2015-10-15,5370.92,5343.34,5391.43,5325.63,344430000.0,1.57
2015-10-16,5388.41,5408.93,5450.04,5377.93,364180000.0,0.33
2015-10-19,5392.98,5392.63,5432.85,5362.33,404420000.0,0.08
2015-10-20,5414.13,5389.36,5433.94,5350.42,480530000.0,0.39
2015-10-21,5347.03,5416.49,5416.49,5329.09,661900000.0,-1.24
2015-10-22,5368.87,5314.69,5394.1,5302.56,508370000.0,0.41
2015-10-23,5423.06,5405.11,5462.06,5388.87,497130000.0,1.01
2015-10-26,5411.52,5394.73,5424.69,5365.2,672770000.0,-0.21
2015-10-27,5297.57,5393.21,5394.24,5297.57,572760000.0,-2.11
2015-10-28,5369.69,5305.42,5384.37,5265.72,1380000000.0,1.36
2015-10-29,5451.77,5406.62,5487.47,5395.84,1320000000.0,1.53
2015-10-30,5468.69,5460.85,5482.56,5428.09,1300000000.0,0.31
2015-11-02,5506.75,5430.57,5508.52,5429.16,676150000.0,0.7
2015-11-03,5567.27,5528.82,5567.27,5515.37,601790000.0,1.1
2015-11-04,5590.95,5582.83,5625.06,5572.41,481940000.0,0.43
2015-11-05,5511.04,5528.91,5588.44,5503.03,337080000.0,-1.43
2015-11-06,5495.88,5546.28,5558.71,5470.56,305050000.0,-0.28
2015-11-09,5273.32,5459.88,5484.19,5273.32,702220000.0,-4.05
2015-11-10,5255.96,5251.37,5282.59,5151.18,1030000000.0,-0.33
2015-11-11,5249.24,5256.21,5320.85,5238.01,600650000.0,-0.13
2015-11-12,5184.04,5236.03,5242.1,5180.69,458830000.0,-1.24
2015-11-13,5167.29,5183.04,5215.98,5137.01,462300000.0,-0.32
2015-11-16,5204.9,5126.56,5242.2,5126.56,486720000.0,0.73
2015-11-17,5336.78,5253.52,5344.01,5253.52,469500000.0,2.53
2015-11-18,5378.6,5324.58,5387.65,5309.21,416680000.0,0.78
2015-11-19,5351.38,5401.66,5419.16,5336.35,447620000.0,-0.51
2015-11-20,5308.1,5321.58,5345.86,5291.99,241380000.0,-0.81
2015-11-23,5298.0,5301.46,5336.32,5281.17,268430000.0,-0.19
2015-11-24,5266.66,5280.21,5280.21,5194.16,421690000.0,-0.59
2015-11-25,5296.63,5274.63,5310.62,5247.29,344250000.0,0.57
2015-11-26,5347.67,5294.48,5358.38,5290.18,332830000.0,0.96
2015-11-27,5360.51,5346.64,5367.06,5332.04,246060000.0,0.24
2015-11-30,5350.36,5346.86,5385.51,5338.16,850840000.0,-0.19
2015-12-01,5350.01,5377.85,5401.77,5339.87,403880000.0,-0.01
2015-12-02,5386.43,5357.75,5397.88,5357.65,279790000.0,0.68
2015-12-03,5285.47,5399.22,5434.99,5284.59,1150000000.0,-1.87
2015-12-04,5255.47,5285.51,5288.85,5228.1,719640000.0,-0.57
2015-12-07,5250.11,5268.96,5298.9,5245.95,301110000.0,-0.1
2015-12-08,5162.46,5245.89,5246.91,5162.46,604140000.0,-1.67
2015-12-09,5168.31,5191.54,5201.35,5111.26,1090000000.0,0.11
2015-12-10,5172.14,5157.23,5185.42,5131.09,1600000000.0,0.07
2015-12-11,5086.23,5162.26,5162.26,5064.54,1980000000.0,-1.66
2015-12-14,5022.98,5076.25,5126.96,5020.53,1840000000.0,-1.24
2015-12-15,5150.1,5059.13,5151.22,5059.13,1930000000.0,2.53
2015-12-16,5213.69,5186.94,5243.0,5161.23,1310000000.0,1.23
2015-12-17,5277.99,5271.9,5335.02,5267.54,1760000000.0,1.23
2015-12-18,5310.66,5250.7,5310.66,5239.81,399510000.0,0.62
2015-12-21,5234.34,5278.05,5335.29,5234.34,225390000.0,-1.44
2015-12-22,5259.23,5252.99,5269.84,5205.72,199170000.0,0.48
2015-12-23,5346.03,5272.29,5346.55,5272.29,216010000.0,1.65
2015-12-24,5349.5,5336.95,5349.5,5319.68,25260000.0,0.06
2015-12-28,5295.09,5331.11,5349.59,5281.39,117070000.0,-1.02
2015-12-29,5337.63,5309.1,5349.85,5308.53,203910000.0,0.8
2015-12-30,5317.67,5324.36,5345.99,5301.14,254020000.0,-0.37
2015-12-31,5313.17,5312.53,5324.88,5307.38,67200000.0,-0.08
2016-01-04,5231.14,5274.38,5278.53,5176.64,225940000.0,-1.54
2016-01-05,5215.44,5253.88,5274.87,5160.03,264480000.00000003,-0.3
2016-01-06,5164.26,5197.9,5199.71,5115.13,211580000.0,-0.98
2016-01-07,5141.24,5060.69,5150.59,5008.41,248310000.0,-0.45
2016-01-08,5125.59,5179.9,5227.0,5124.44,248740000.0,-0.3
2016-01-11,5046.5,5107.49,5123.73,5014.47,205670000.0,-1.54
2016-01-12,5134.66,5065.99,5162.44,5041.99,207340000.0,1.75
2016-01-13,5147.18,5188.14,5238.36,5123.3,295110000.0,0.24
2016-01-14,5022.91,5100.95,5102.58,4962.29,307990000.0,-2.41
2016-01-15,4832.93,5011.04,5025.91,4800.74,375190000.0,-3.78
2016-01-18,4653.56,4811.82,4857.81,4653.56,461010000.0,-3.71
2016-01-19,4679.01,4739.91,4776.33,4662.5,498820000.0,0.55
2016-01-20,4559.11,4580.39,4644.17,4538.42,906590000.0,-2.56
2016-01-21,4683.0,4586.99,4700.64,4564.82,540910000.0,2.72
2016-01-22,4833.7,4812.39,4894.68,4768.46,546850000.0,3.22
2016-01-25,4847.37,4861.66,4881.18,4799.4,348610000.0,0.28
2016-01-26,4923.1,4775.49,4966.95,4775.49,283180000.0,1.56
2016-01-27,4979.69,4920.42,4979.69,4887.92,219740000.0,1.15
2016-01-28,4978.21,4963.52,5062.6,4942.64,226760000.0,-0.03
2016-01-29,5065.67,5016.74,5065.67,4985.56,260120000.0,1.76
2016-02-01,5082.29,5095.77,5135.3,5053.96,497790000.0,0.33
2016-02-02,4981.47,5061.53,5080.8,4969.35,379310000.0,-1.98
2016-02-03,4923.31,4960.93,5001.31,4876.29,392120000.0,-1.17
2016-02-04,4918.07,4976.74,4990.6,4856.28,374660000.0,-0.11
2016-02-05,4908.96,4905.02,4975.06,4900.52,436400000.0,-0.19
2016-02-08,4771.34,4937.35,4944.67,4756.39,329170000.0,-2.8
2016-02-09,4657.14,4774.25,4801.29,4612.45,419390000.0,-2.39
2016-02-10,4669.11,4677.79,4774.22,4650.44,350350000.0,0.26
2016-02-11,4460.63,4611.87,4611.87,4455.16,497730000.0,-4.47
2016-02-12,4534.63,4503.49,4534.63,4469.22,423820000.0,1.66
2016-02-15,4640.17,4616.7,4655.14,4607.99,280510000.0,2.33
2016-02-16,4632.18,4696.52,4704.69,4599.14,220100000.0,-0.17
2016-02-17,4772.59,4641.49,4772.59,4636.32,409950000.0,3.03
2016-02-18,4749.09,4783.76,4839.84,4736.76,396420000.0,-0.49
2016-02-19,4706.24,4732.61,4759.61,4678.39,253150000.0,-0.9
2016-02-22,4783.99,4760.43,4787.93,4752.19,156590000.0,1.65
2016-02-23,4673.3,4762.43,4785.83,4666.39,392430000.0,-2.31
2016-02-24,4590.81,4669.76,4671.94,4555.32,350020000.0,-1.77
2016-02-25,4661.93,4644.81,4710.8,4634.44,278750000.0,1.55
2016-02-26,4710.39,4700.72,4739.71,4683.23,314800000.0,1.04
2016-02-29,4767.28,4676.65,4777.14,4662.84,340690000.0,1.21
2016-03-01,4830.26,4774.86,4830.26,4751.88,267560000.0,1.32
2016-03-02,4844.82,4881.67,4900.09,4798.2,643830000.0,0.3
2016-03-03,4890.68,4878.7,4902.32,4826.5,408060000.0,0.95
2016-03-04,4951.48,4904.62,4980.14,4897.04,377230000.0,1.24
2016-03-07,4928.97,4918.09,4933.94,4881.06,418180000.0,-0.45
2016-03-08,4860.14,4900.06,4924.05,4844.57,340780000.0,-1.4
2016-03-09,4887.09,4872.99,4920.83,4868.57,211640000.0,0.55
2016-03-10,4881.73,4902.82,5014.13,4874.32,626380000.0,-0.11
2016-03-11,5003.42,4954.79,5005.25,4943.05,851170000.0,2.49
2016-03-14,5080.87,5033.08,5081.93,5011.33,835920000.0,1.55
2016-03-15,5003.19,5048.18,5062.99,4997.4,547880000.0,-1.53
2016-03-16,5110.62,5045.82,5115.09,5044.35,389770000.0,2.15
2016-03-17,5160.39,5164.19,5203.31,5074.03,532190000.00000006,0.97
2016-03-18,5172.8,5164.78,5211.43,5146.57,770390000.0,0.24
2016-03-21,5189.63,5170.32,5222.69,5165.55,555830000.0,0.33
2016-03-22,5193.38,5159.32,5193.38,5120.24,406910000.0,0.07
2016-03-23,5153.65,5204.14,5215.26,5139.06,388100000.0,-0.77
2016-03-24,5098.14,5119.67,5152.16,5091.87,223690000.0,-1.08
2016-03-29,5045.61,5093.8,5100.2,5013.39,600840000.0,-1.03
2016-03-30,5125.59,5079.24,5148.48,5074.35,350100000.0,1.59
2016-03-31,5020.61,5090.5,5091.05,5018.97,510230000.0,-2.05
2016-04-01,4989.78,4966.94,5010.02,4955.58,355650000.0,-0.61
2016-04-04,4977.05,4981.47,5042.23,4958.1,276790000.0,-0.26
2016-04-05,4874.24,4936.15,4936.15,4874.24,363410000.0,-2.07
2016-04-06,4848.41,4897.23,4909.13,4803.92,423420000.0,-0.53
2016-04-07,4761.77,4842.92,4864.36,4754.24,588830000.0,-1.79
2016-04-08,4858.42,4775.93,4858.42,4775.93,295050000.0,2.03
2016-04-11,4878.3,4881.89,4911.04,4853.39,464010000.0,0.41
2016-04-12,4911.9,4883.85,4912.27,4847.85,329130000.0,0.69
2016-04-13,5005.92,4951.62,5005.92,4938.07,657120000.0,1.91
2016-04-14,5027.0,5012.84,5036.21,4999.02,554900000.0,0.42
2016-04-15,5019.36,5005.81,5028.5,4991.11,224280000.0,-0.15
2016-04-18,4972.32,4940.96,4984.09,4929.63,411380000.0,-0.94
2016-04-19,4988.15,4994.61,5037.87,4972.71,353550000.0,0.32
2016-04-20,5071.78,4994.93,5082.93,4977.38,396840000.0,1.68
2016-04-21,5083.98,5083.3,5108.29,5055.17,611010000.0,0.24
2016-04-22,5097.48,5068.44,5108.51,5057.56,561130000.0,0.27
2016-04-25,5067.62,5112.19,5125.03,5060.04,238690000.0,-0.59
2016-04-26,5029.58,5077.74,5099.51,5019.57,410120000.0,-0.75
2016-04-27,5050.96,5040.29,5079.28,5016.99,411990000.0,0.43
2016-04-28,5102.82,5016.13,5102.99,4998.86,405700000.0,1.03
2016-04-29,5052.52,5096.7,5105.17,5026.08,290030000.0,-0.99
2016-05-02,5086.31,5054.34,5105.18,5038.55,186220000.0,0.67
2016-05-03,5002.52,5081.57,5083.78,4990.91,406800000.0,-1.65
2016-05-04,5011.73,5012.36,5052.28,4975.08,370180000.0,0.18
2016-05-05,5037.03,5025.07,5095.99,5025.07,351280000.0,0.5
2016-05-06,4990.44,5024.8,5056.27,4982.48,371130000.0,-0.92
2016-05-09,4942.66,5014.33,5024.33,4942.66,222050000.0,-0.96
2016-05-10,4935.03,4955.66,4968.47,4915.87,332250000.0,-0.15
2016-05-11,4880.39,4936.51,4936.51,4858.24,300840000.0,-1.11
2016-05-12,4899.01,4871.29,4963.56,4867.41,300650000.0,0.38
2016-05-13,4890.44,4897.77,4911.11,4853.51,292550000.0,-0.17
2016-05-16,4856.98,4830.51,4860.34,4804.25,181730000.0,-0.68
2016-05-17,4850.73,4879.63,4888.81,4816.16,249560000.0,-0.13
2016-05-18,4853.95,4842.96,4873.93,4818.71,266740000.0,0.07
2016-05-19,4824.93,4838.37,4850.35,4808.47,207610000.0,-0.6
2016-05-20,4870.95,4842.42,4872.76,4841.41,230310000.0,0.95
2016-05-23,4830.2,4844.24,4870.88,4828.68,139200000.0,-0.84
2016-05-24,4874.67,4821.37,4885.12,4817.28,622320000.0,0.92
2016-05-25,4938.6,4887.36,4938.6,4887.36,407780000.0,1.31
2016-05-26,4964.17,4942.07,4964.17,4925.66,340650000.0,0.52
2016-05-27,4961.16,4953.01,4961.16,4913.0,281920000.0,-0.06
2016-05-30,4979.45,4959.35,4983.96,4948.28,98520000.0,0.37
2016-05-31,4957.85,4977.6,5002.76,4944.55,2100000000.0,-0.43
2016-06-01,4850.38,4945.29,4945.61,4850.38,783210000.0,-2.17
2016-06-02,4850.0,4859.14,4900.48,4850.0,583050000.0,-0.01
2016-06-03,4775.2,4874.43,4878.62,4773.37,742680000.0,-1.54
2016-06-06,4781.61,4795.76,4805.13,4766.69,523570000.00000006,0.13
2016-06-07,4857.44,4793.58,4860.79,4769.19,1180000000.0,1.59
2016-06-08,4825.88,4870.56,4875.26,4818.51,764980000.0,-0.65
2016-06-09,4806.42,4833.59,4835.85,4789.76,432360000.0,-0.4
2016-06-10,4703.17,4789.15,4798.77,4703.17,357420000.0,-2.15
2016-06-13,4569.44,4648.17,4653.37,4569.44,519160000.0,-2.84
2016-06-14,4463.46,4548.55,4552.03,4463.46,826720000.0,-2.32
2016-06-15,4464.09,4491.9,4531.99,4464.09,714330000.0,0.01
2016-06-16,4424.25,4446.02,4446.02,4400.37,737210000.0,-0.89
2016-06-17,4519.19,4469.07,4522.87,4465.85,890190000.0,2.15
2016-06-20,4665.36,4608.0,4668.56,4608.0,568180000.0,3.23
2016-06-21,4631.56,4651.35,4659.08,4608.63,606130000.0,-0.72
2016-06-22,4621.03,4644.44,4647.09,4590.9,440170000.0,-0.23
2016-06-23,4689.96,4622.4,4706.25,4622.4,534160000.0,1.49
2016-06-24,4362.11,4313.23,4398.59,4175.28,1390000000.0,-6.99
2016-06-27,4260.13,4371.76,4380.77,4251.88,531730000.0,-2.34
2016-06-28,4358.46,4329.25,4395.88,4319.28,403680000.0,2.31
2016-06-29,4440.02,4421.94,4486.37,4417.96,658940000.0,1.87
2016-06-30,4453.66,4447.39,4465.97,4422.93,353740000.0,0.31
2016-07-01,4490.7,4476.48,4505.84,4460.75,238450000.0,0.83
2016-07-04,4492.98,4507.58,4520.18,4492.98,175710000.0,0.05
2016-07-05,4392.24,4489.88,4490.64,4390.73,261740000.0,-2.24
2016-07-06,4335.24,4364.11,4388.86,4316.77,259830000.0,-1.3
2016-07-07,4387.89,4374.08,4434.28,4374.08,252430000.0,1.21
2016-07-08,4455.87,4384.51,4455.87,4372.48,424680000.0,1.55
2016-07-11,4552.46,4492.79,4559.57,4482.91,519580000.00000006,2.17
2016-07-12,4590.9,4558.3,4613.51,4555.3,459760000.0,0.84
2016-07-13,4554.94,4604.75,4620.25,4554.88,466070000.0,-0.78
2016-07-14,4584.95,4590.09,4623.69,4577.32,282390000.0,0.66
2016-07-15,4561.75,4570.5,4581.03,4539.96,223930000.0,-0.51
2016-07-18,4575.89,4578.76,4610.33,4553.79,155580000.0,0.31
2016-07-19,4591.99,4572.46,4595.67,4547.15,110540000.0,0.35
2016-07-20,4604.34,4599.99,4622.8,4591.74,112400000.0,0.27
2016-07-21,4626.13,4613.28,4640.88,4601.7,320690000.0,0.47
2016-07-22,4650.5,4615.64,4658.53,4607.99,127920000.0,0.53
2016-07-25,4654.01,4663.29,4687.26,4635.21,141860000.0,0.08
2016-07-26,4674.0,4638.04,4676.54,4601.4,169590000.0,0.43
2016-07-27,4708.62,4702.16,4735.6,4683.8,394510000.0,0.74
2016-07-28,4681.41,4715.34,4746.03,4681.41,281220000.0,-0.58
2016-07-29,4747.72,4705.28,4747.72,4691.34,292410000.0,1.42
2016-08-01,4746.44,4797.22,4827.79,4739.77,807400000.0,-0.03
2016-08-02,4661.47,4727.84,4730.53,4661.47,395050000.0,-1.79
2016-08-03,4647.36,4662.04,4676.73,4631.02,313040000.0,-0.3
2016-08-04,4668.97,4662.54,4688.71,4656.28,126020000.0,0.47
2016-08-05,4679.97,4666.75,4691.6,4645.18,229700000.0,0.24
2016-08-08,4702.94,4696.31,4703.02,4674.33,172340000.0,0.49
2016-08-09,4772.21,4702.62,4774.57,4701.51,209800000.0,1.47
2016-08-10,4787.45,4762.61,4792.53,4760.48,176680000.0,0.32
2016-08-11,4818.07,4798.95,4818.07,4783.55,108190000.0,0.64
2016-08-12,4828.61,4828.98,4837.2,4809.56,93570000.0,0.22
2016-08-15,4815.76,4822.46,4840.6,4815.63,43550000.0,-0.27
2016-08-16,4757.88,4794.48,4810.13,4757.88,111720000.0,-1.2
2016-08-17,4704.87,4761.25,4761.25,4704.87,151700000.0,-1.11
2016-08-18,4726.94,4729.16,4733.93,4710.81,201700000.0,0.47
2016-08-19,4701.14,4730.88,4737.12,4689.65,177260000.0,-0.55
2016-08-22,4705.8,4698.41,4754.37,4688.82,159000000.0,0.1
2016-08-23,4699.93,4715.38,4724.43,4692.55,106610000.0,-0.12
2016-08-24,4698.35,4674.78,4702.79,4670.22,167180000.0,-0.03
2016-08-25,4677.34,4691.66,4692.81,4670.23,194030000.0,-0.45
2016-08-26,4697.46,4671.19,4709.85,4663.9,98990000.0,0.43
2016-08-29,4696.11,4686.95,4702.28,4676.13,45240000.0,-0.03
2016-08-30,4710.29,4706.37,4717.34,4694.83,88190000.0,0.3
2016-08-31,4711.91,4705.73,4730.47,4682.94,141180000.0,0.03
2016-09-01,4713.76,4722.62,4754.58,4696.4,240380000.0,0.04
2016-09-02,4762.83,4723.6,4767.94,4708.45,198570000.0,1.04
2016-09-05,4779.31,4770.77,4794.24,4766.17,188020000.0,0.35
2016-09-06,4742.1,4795.42,4797.31,4729.46,202290000.0,-0.78
2016-09-07,4757.07,4755.84,4758.76,4739.21,122950000.0,0.32
2016-09-08,4767.19,4761.55,4784.93,4720.88,131750000.0,0.21
2016-09-09,4697.65,4755.6,4760.54,4685.84,159850000.0,-1.46
2016-09-12,4632.44,4634.82,4634.82,4594.41,222560000.0,-1.39
2016-09-13,4557.2,4636.87,4636.87,4549.48,343600000.0,-1.62
2016-09-14,4552.45,4564.14,4577.6,4552.45,245700000.0,-0.1
2016-09-15,4554.35,4537.18,4558.54,4530.02,110390000.0,0.04
2016-09-16,4470.84,4525.76,4525.76,4457.56,1450000000.0,-1.83
2016-09-19,4551.31,4508.25,4553.41,4508.25,486650000.0,1.8
2016-09-20,4538.58,4546.45,4555.3,4519.71,222630000.0,-0.28
2016-09-21,4549.93,4560.49,4584.16,4546.91,139860000.0,0.25
2016-09-22,4611.69,4574.68,4626.07,4572.2,163930000.0,1.36
2016-09-23,4576.23,4599.76,4599.76,4556.66,369650000.0,-0.77
2016-09-26,4566.88,4565.18,4568.06,4529.06,287920000.0,-0.2
2016-09-27,4520.61,4568.52,4589.59,4511.83,399070000.0,-1.01
2016-09-28,4562.33,4549.49,4568.33,4547.21,183720000.0,0.92
2016-09-29,4605.42,4617.86,4630.43,4595.29,119970000.0,0.94
2016-09-30,4597.29,4559.49,4597.29,4525.96,247640000.0,-0.18
2016-10-03,4598.92,4597.96,4609.65,4585.3,103820000.0,0.04
2016-10-04,4635.71,4614.7,4635.71,4606.44,101530000.0,0.8
2016-10-05,4575.18,4611.96,4612.66,4566.89,76240000.0,-1.31
2016-10-06,4537.63,4577.31,4579.56,4536.38,102020000.0,-0.82
2016-10-07,4494.84,4528.8,4528.8,4485.58,134560000.0,-0.94
2016-10-10,4546.49,4485.09,4547.43,4475.96,114220000.0,1.15
2016-10-11,4564.75,4539.96,4575.21,4534.52,97460000.0,0.4
2016-10-12,4555.34,4572.7,4588.75,4553.67,80040000.0,-0.21
2016-10-13,4559.01,4535.8,4559.01,4519.36,127360000.0,0.08
2016-10-14,4622.49,4581.16,4637.88,4578.97,112230000.0,1.39
2016-10-17,4599.62,4610.2,4627.63,4590.74,74830000.0,-0.49
2016-10-18,4678.43,4624.26,4678.76,4623.07,467150000.0,1.71
2016-10-19,4722.42,4688.25,4723.15,4665.93,285430000.0,0.94
2016-10-20,4736.69,4725.57,4748.43,4713.31,379110000.0,0.3
2016-10-21,4726.43,4730.91,4750.95,4704.95,184880000.0,-0.22
2016-10-24,4740.45,4742.55,4766.92,4740.09,20190000.0,0.3
2016-10-25,4710.73,4743.59,4745.91,4701.25,20670000.0,-0.63
2016-10-26,4701.61,4698.34,4708.65,4680.23,19280000.0,-0.19
2016-10-27,4675.81,4704.78,4719.31,4664.47,13970000.0,-0.55
2016-10-28,4676.1,4664.78,4681.86,4641.18,13270000.0,0.01
2016-10-31,4651.93,4658.36,4664.7,4635.3,18100000.0,-0.52
2016-11-01,4624.88,4663.22,4667.54,4615.25,12790000.0,-0.58
2016-11-02,4548.08,4603.84,4604.11,4548.08,16579999.999999998,-1.66
2016-11-03,4539.68,4528.8,4552.67,4515.15,18030000.0,-0.18
2016-11-04,4477.99,4529.31,4529.31,4477.99,17950000.0,-1.36
2016-11-07,4554.11,4542.59,4554.11,4516.62,16239999.999999998,1.7
2016-11-08,4562.14,4560.17,4575.27,4549.18,14900000.0,0.18
2016-11-09,4495.29,4431.29,4511.79,4424.08,29340000.0,-1.47
2016-11-10,4417.17,4518.27,4524.51,4394.25,35860000.0,-1.74
2016-11-11,4376.94,4426.55,4438.95,4367.16,34660000.0,-0.91
2016-11-14,4370.84,4407.95,4416.84,4356.54,26810000.0,-0.14
2016-11-15,4404.16,4393.81,4426.09,4383.43,26020000.0,0.76
2016-11-16,4395.09,4416.93,4420.87,4358.74,25720000.0,-0.21
2016-11-17,4416.19,4387.59,4423.14,4384.95,19680000.0,0.48
2016-11-18,4420.3,4422.69,4422.69,4376.22,20360000.0,0.09
2016-11-21,4438.52,4446.72,4450.71,4400.24,24120000.0,0.41
2016-11-22,4441.67,4458.09,4464.76,4438.63,21700000.0,0.07
2016-11-23,4427.03,4461.75,4483.56,4424.64,21580000.0,-0.33
2016-11-24,4444.51,4432.99,4463.63,4428.14,14030000.0,0.39
2016-11-25,4461.89,4451.03,4470.3,4414.4,18760000.0,0.39
2016-11-28,4426.51,4462.14,4462.14,4414.47,15240000.0,-0.79
2016-11-29,4415.18,4416.1,4432.46,4399.24,18350000.0,-0.26
2016-11-30,4454.87,4420.1,4471.86,4420.1,30260000.0,0.9
2016-12-01,4436.25,4444.03,4458.77,4420.96,17230000.0,-0.42
2016-12-02,4392.12,4419.76,4419.76,4387.28,21280000.0,-0.99
2016-12-05,4410.81,4381.81,4433.9,4381.81,23490000.0,0.43
2016-12-06,4488.53,4419.39,4490.74,4418.32,22490000.0,1.76
2016-12-07,4573.92,4509.46,4573.92,4503.65,33380000.000000004,1.9
2016-12-08,4626.9,4583.08,4628.59,4583.08,33140000.0,1.16
2016-12-09,4638.07,4632.43,4652.14,4594.23,33550000.0,0.24
2016-12-12,4636.79,4670.76,4685.53,4635.05,20210000.0,-0.03
2016-12-13,4649.07,4608.47,4649.07,4607.77,41500000.0,0.26
2016-12-14,4599.24,4635.3,4662.09,4597.64,26070000.0,-1.07
2016-12-15,4597.6,4575.95,4600.13,4527.3,28780000.0,-0.04
2016-12-16,4628.05,4602.77,4638.18,4599.84,34460000.0,0.66
2016-12-19,4620.04,4625.62,4653.08,4620.04,23760000.0,-0.17
2016-12-20,4658.1,4625.71,4658.82,4624.4,24830000.0,0.82
2016-12-21,4646.34,4645.27,4664.97,4635.85,24520000.0,-0.25
2016-12-22,4612.72,4626.32,4643.93,4605.01,20620000.0,-0.72
2016-12-23,4635.73,4608.68,4638.39,4607.67,12480000.0,0.5
2016-12-27,4663.55,4629.13,4670.9,4626.0,17860000.0,0.6
2016-12-28,4652.01,4663.24,4671.38,4640.18,16860000.0,-0.25
2016-12-29,4668.35,4630.52,4676.01,4630.47,14160000.0,0.35
2016-12-30,4679.2,4664.53,4681.56,4648.73,14950000.0,0.23
2017-01-02,4734.06,4675.79,4734.06,4675.79,11450000.0,1.17
2017-01-03,4725.41,4754.68,4764.52,4724.02,24010000.0,-0.18
2017-01-04,4741.15,4744.04,4753.95,4726.67,21770000.0,0.33
2017-01-05,4721.38,4736.51,4737.78,4716.28,25730000.0,-0.42
2017-01-06,4702.97,4717.06,4717.06,4685.74,23800000.0,-0.39
2017-01-09,4677.02,4707.25,4707.3,4674.71,20840000.0,-0.55
2017-01-10,4618.21,4659.72,4664.34,4611.57,44140000.0,-1.26
2017-01-11,4589.92,4604.69,4616.8,4565.0,35790000.0,-0.61
2017-01-12,4592.4,4563.3,4602.93,4549.66,34590000.0,0.05
2017-01-13,4615.43,4622.57,4622.57,4583.71,32020000.000000004,0.5
2017-01-16,4576.53,4600.43,4606.0,4576.53,36160000.0,-0.84
2017-01-17,4597.61,4586.63,4603.57,4573.68,47120000.0,0.46
2017-01-18,4605.99,4605.26,4610.76,4580.39,35090000.0,0.18
2017-01-19,4580.68,4581.37,4589.71,4557.11,90840000.0,-0.55
2017-01-20,4601.65,4585.72,4608.02,4578.03,90700000.0,0.46
2017-01-23,4560.06,4592.35,4597.84,4559.69,85960000.0,-0.9
2017-01-24,4576.74,4555.73,4576.74,4547.76,59150000.0,0.37
2017-01-25,4573.73,4594.03,4605.49,4572.19,69590000.0,-0.07
2017-01-26,4583.03,4587.93,4602.41,4563.03,95310000.0,0.2
2017-01-27,4609.78,4578.24,4609.78,4544.17,114950000.0,0.58
2017-01-30,4481.32,4572.2,4580.29,4477.53,130610000.0,-2.79
2017-01-31,4475.03,4491.69,4504.44,4465.95,81950000.0,-0.14
2017-02-01,4467.94,4484.48,4485.68,4456.56,81050000.0,-0.16
2017-02-02,4498.21,4460.79,4508.05,4455.76,59450000.0,0.68
2017-02-03,4622.82,4577.19,4635.24,4577.13,70910000.0,2.77
2017-02-06,4597.07,4645.18,4677.93,4582.85,83200000.0,-0.56
2017-02-07,4563.21,4554.11,4582.37,4543.96,81310000.0,-0.74
2017-02-08,4560.11,4561.68,4571.57,4535.69,58540000.0,-0.07
2017-02-09,4594.76,4536.1,4594.76,4493.05,358630000.0,0.76
2017-02-10,4604.33,4604.52,4634.99,4592.02,202000000.0,0.21
2017-02-13,4596.73,4613.28,4624.84,4568.96,130720000.0,-0.17
2017-02-14,4605.56,4580.55,4619.33,4575.39,73710000.0,0.19
2017-02-15,4627.54,4619.66,4636.86,4607.74,100170000.0,0.48
2017-02-16,4628.85,4636.08,4645.4,4611.73,52130000.0,0.03
2017-02-17,4640.85,4632.27,4642.12,4604.84,105580000.0,0.26
2017-02-20,4663.42,4650.0,4678.5,4648.81,102150000.0,0.49
2017-02-21,4686.38,4681.17,4706.24,4648.45,148520000.0,0.49
2017-02-22,4668.69,4693.61,4714.72,4660.72,121110000.0,-0.38
2017-02-23,4634.31,4656.37,4674.33,4634.31,78830000.0,-0.74
2017-02-24,4619.29,4649.42,4651.56,4596.61,88300000.0,-0.32
2017-02-27,4618.94,4627.15,4639.32,4591.84,58910000.0,-0.01
2017-02-28,4647.9,4610.18,4647.9,4585.76,80560000.0,0.63
2017-03-01,4708.06,4666.56,4713.8,4646.85,110890000.0,1.29
2017-03-02,4708.57,4709.75,4713.33,4674.07,89150000.0,0.01
2017-03-03,4660.73,4674.24,4703.22,4655.73,99200000.0,-1.02
2017-03-06,4634.96,4643.81,4643.81,4599.62,110890000.0,-0.55
2017-03-07,4630.41,4626.25,4653.78,4621.82,134280000.0,-0.1
2017-03-08,4630.1,4627.78,4640.33,4604.39,84010000.0,-0.01
2017-03-09,4640.76,4618.53,4648.75,4613.31,102940000.0,0.23
2017-03-10,4626.27,4653.38,4656.2,4625.18,131060000.0,-0.31
2017-03-13,4619.16,4638.13,4641.85,4616.46,78900000.0,-0.15
2017-03-14,4580.53,4616.63,4623.9,4574.5,89380000.0,-0.84
2017-03-15,4572.64,4584.35,4602.27,4569.07,87490000.0,-0.17
2017-03-16,4604.61,4602.05,4609.95,4590.21,84510000.0,0.7
2017-03-17,4613.88,4594.75,4617.35,4586.22,216950000.0,0.2
2017-03-20,4631.48,4610.17,4645.7,4603.6,69990000.0,0.38
2017-03-21,4635.88,4640.45,4656.91,4629.66,132600000.0,0.09
2017-03-22,4619.64,4625.58,4625.92,4593.35,90500000.0,-0.35
2017-03-23,4667.63,4632.01,4667.63,4610.88,164850000.0,1.04
2017-03-24,4688.0,4677.69,4688.78,4671.08,119130000.0,0.44
2017-03-27,4720.33,4661.75,4722.68,4659.54,140600000.0,0.69
2017-03-28,4850.65,4808.53,4852.19,4808.53,212140000.0,2.76
2017-03-29,4888.17,4863.22,4888.55,4853.59,157550000.0,0.77
2017-03-30,4980.57,4893.9,4987.25,4893.6,194980000.0,1.89
2017-03-31,5007.85,4987.6,5008.2,4963.37,230540000.0,0.55
2017-04-03,4968.0,4993.88,5020.83,4968.0,145800000.0,-0.8
2017-04-04,4956.46,4974.54,4981.32,4949.08,123710000.0,-0.23
2017-04-05,4979.91,4969.6,4988.55,4943.35,99550000.0,0.47
2017-04-06,4999.09,4954.92,5007.21,4939.64,100820000.0,0.39
2017-04-07,4980.52,4984.71,4992.3,4959.95,84990000.0,-0.37
2017-04-10,4963.8,4978.32,4978.32,4937.59,47450000.0,-0.34
2017-04-11,4966.73,4948.9,4974.56,4947.54,60160000.0,0.06
2017-04-12,4979.35,4970.36,4998.51,4970.36,62060000.0,0.25
2017-04-13,4962.62,4983.52,4984.36,4937.0,58460000.0,-0.34
2017-04-18,4927.06,4970.57,4970.57,4901.7,73720000.0,-0.72
2017-04-19,4934.0,4924.93,4947.89,4922.13,118360000.0,0.14
2017-04-20,4906.62,4925.51,4942.37,4885.16,99010000.0,-0.55
2017-04-21,4876.43,4908.02,4910.15,4871.47,62720000.0,-0.62
2017-04-24,4997.54,4946.9,5020.61,4946.9,202680000.0,2.48
2017-04-25,5046.16,5006.28,5056.12,4980.61,135580000.0,0.97
2017-04-26,5054.95,5056.95,5067.2,5029.39,131910000.0,0.17
2017-04-27,5041.96,5023.98,5055.59,5023.98,80700000.0,-0.26
2017-04-28,5033.66,5037.17,5048.11,5015.17,108080000.0,-0.16
2017-05-02,5118.02,5022.33,5120.64,5017.01,148810000.0,1.68
2017-05-03,5144.84,5114.61,5144.84,5101.3,123300000.0,0.52
2017-05-04,5235.5,5147.53,5235.5,5135.28,204070000.0,1.76
2017-05-05,5254.81,5211.15,5260.25,5197.28,152450000.0,0.37
2017-05-08,5232.5,5274.45,5274.45,5220.17,160150000.0,-0.42
2017-05-09,5254.52,5248.7,5291.59,5248.17,217700000.0,0.42
2017-05-10,5250.85,5260.53,5261.21,5206.85,118560000.0,-0.07
2017-05-11,5231.08,5242.83,5247.05,5215.1,90680000.0,-0.38
2017-05-12,5237.15,5252.03,5259.41,5224.71,105960000.0,0.12
2017-05-15,5243.6,5206.0,5243.6,5200.15,85680000.0,0.12
2017-05-16,5195.57,5236.25,5249.9,5187.44,105810000.0,-0.92
2017-05-17,5117.64,5136.83,5182.19,5111.05,101670000.0,-1.5
2017-05-18,5073.89,5088.68,5107.94,5018.27,125620000.0,-0.85
2017-05-19,5176.74,5095.72,5176.74,5089.32,84140000.0,2.03
2017-05-22,5178.02,5184.18,5188.81,5164.6,79420000.0,0.02
2017-05-23,5214.18,5171.6,5225.7,5166.59,92600000.0,0.7
2017-05-24,5213.97,5190.66,5224.11,5187.06,124620000.0,-0.0
2017-05-25,5244.8,5229.23,5245.02,5213.87,170740000.0,0.59
2017-05-26,5226.58,5234.74,5243.84,5207.18,126870000.0,-0.35
2017-05-29,5226.48,5213.45,5241.46,5210.78,59510000.0,-0.0
2017-05-30,5279.8,5217.21,5281.05,5204.75,112950000.0,1.02
2017-05-31,5289.98,5279.27,5309.06,5271.0,131940000.0,0.19
2017-06-01,5313.59,5294.07,5319.76,5292.45,88140000.0,0.45
2017-06-02,5317.41,5303.32,5343.75,5285.76,189230000.0,0.07
2017-06-05,5278.13,5307.06,5307.76,5255.11,70050000.0,-0.74
2017-06-06,5319.21,5269.33,5323.42,5264.5,87730000.0,0.78
2017-06-07,5289.56,5320.37,5342.45,5289.56,122150000.0,-0.56
2017-06-08,5240.37,5298.2,5302.16,5213.53,166080000.0,-0.93
2017-06-09,5298.94,5241.34,5301.08,5234.48,188700000.0,1.12
2017-06-12,5258.0,5271.3,5290.16,5245.57,178030000.0,-0.77
2017-06-13,5303.85,5267.85,5309.43,5262.8,94200000.0,0.87
2017-06-14,5315.86,5313.85,5359.19,5313.03,181370000.0,0.23
2017-06-15,5262.02,5285.36,5305.41,5244.34,98210000.0,-1.01
2017-06-16,5273.98,5272.15,5297.02,5228.45,146220000.0,0.23
2017-06-19,5330.6,5295.1,5330.6,5290.17,99530000.0,1.07
2017-06-20,5298.05,5337.49,5351.58,5298.05,91100000.0,-0.61
2017-06-21,5271.9,5294.31,5295.21,5261.53,81930000.0,-0.49
2017-06-22,5244.98,5260.5,5260.5,5220.1,142840000.0,-0.51
2017-06-23,5200.64,5244.86,5250.06,5188.81,76480000.0,-0.85
2017-06-26,5234.67,5222.73,5259.93,5215.55,79580000.0,0.65
2017-06-27,5192.16,5234.0,5243.61,5187.62,65580000.0,-0.81
2017-06-28,5187.35,5174.13,5210.5,5140.19,98350000.0,-0.09
2017-06-29,5141.44,5202.99,5213.21,5123.89,119600000.0,-0.89
2017-06-30,5152.96,5149.73,5182.56,5138.65,77280000.0,0.22
2017-07-03,5180.43,5190.43,5201.47,5162.92,108830000.0,0.53
2017-07-04,5181.15,5192.65,5194.47,5164.36,90690000.0,0.01
2017-07-05,5203.3,5170.74,5212.23,5155.55,88030000.0,0.43
2017-07-06,5169.1,5208.6,5208.81,5142.94,68430000.0,-0.66
2017-07-07,5153.96,5158.89,5159.57,5129.52,41260000.0,-0.29
2017-07-10,5171.12,5159.04,5181.3,5145.31,70230000.0,0.33
2017-07-11,5175.07,5194.53,5202.24,5158.51,71260000.0,0.08
2017-07-12,5215.15,5200.25,5230.42,5183.37,102730000.0,0.77
2017-07-13,5319.28,5226.31,5319.28,5224.1,162320000.0,2.0
2017-07-14,5302.57,5322.49,5326.48,5288.46,134660000.0,-0.31
2017-07-17,5292.74,5309.64,5317.8,5274.83,110200000.0,-0.19
2017-07-18,5308.44,5286.0,5314.38,5283.66,86810000.0,0.3
2017-07-19,5302.36,5316.4,5324.03,5295.97,115390000.0,-0.11
2017-07-20,5314.35,5323.77,5341.15,5306.18,101770000.0,0.23
2017-07-21,5296.15,5322.04,5332.1,5293.0,65069999.99999999,-0.34
2017-07-24,5263.68,5300.0,5301.14,5257.71,65310000.0,-0.61
2017-07-25,5283.75,5275.97,5289.6,5265.47,78030000.0,0.38
2017-07-26,5269.71,5271.41,5291.72,5262.26,90190000.0,-0.27
2017-07-27,5250.84,5273.76,5279.21,5239.97,47220000.0,-0.36
2017-07-28,5172.76,5243.53,5248.13,5169.96,150350000.0,-1.49
2017-07-31,5189.23,5195.67,5208.83,5162.54,107160000.0,0.32
2017-08-01,5236.69,5191.43,5245.98,5158.48,80770000.0,0.91
2017-08-02,5208.34,5242.6,5242.6,5201.28,89710000.0,-0.54
2017-08-03,5179.31,5214.96,5216.67,5148.75,129230000.0,-0.56
2017-08-04,5253.33,5168.61,5267.72,5160.87,114990000.0,1.43
2017-08-07,5275.75,5257.4,5277.65,5246.78,53580000.0,0.43
2017-08-08,5276.86,5271.56,5287.22,5262.72,52060000.0,0.02
2017-08-09,5252.32,5251.76,5254.99,5218.88,59480000.0,-0.47
2017-08-10,5252.71,5239.62,5256.86,5227.58,49840000.0,0.01
2017-08-11,5201.59,5226.5,5228.6,5186.13,54010000.0,-0.97
2017-08-14,5268.59,5219.1,5275.78,5217.77,64120000.00000001,1.29
2017-08-15,5243.23,5280.85,5283.93,5243.2,46130000.0,-0.48
2017-08-16,5259.68,5256.8,5266.99,5252.39,50150000.0,0.31
2017-08-17,5243.07,5255.75,5270.09,5218.6,56090000.0,-0.32
2017-08-18,5186.1,5214.7,5216.03,5178.46,61190000.0,-1.09
2017-08-21,5166.77,5173.09,5178.64,5158.2,36830000.0,-0.37
2017-08-22,5191.24,5191.8,5194.29,5171.96,40430000.0,0.47
2017-08-23,5173.09,5191.64,5192.89,5157.62,40860000.0,-0.35
2017-08-24,5196.28,5183.21,5207.53,5173.26,52210000.0,0.45
2017-08-25,5165.92,5196.01,5203.35,5165.92,41530000.0,-0.58
2017-08-28,5129.53,5164.55,5164.55,5129.53,39560000.0,-0.7
2017-08-29,5111.37,5101.32,5116.05,5052.15,100310000.0,-0.35
2017-08-30,5111.96,5128.98,5138.49,5109.13,38910000.0,0.01
2017-08-31,5156.67,5131.81,5163.14,5119.74,73520000.0,0.87
2017-09-01,5195.28,5166.42,5210.41,5166.42,68760000.0,0.75
2017-09-04,5163.5,5175.85,5179.39,5154.63,38910000.0,-0.61
2017-09-05,5136.0,5165.04,5184.22,5129.2,74650000.0,-0.53
2017-09-06,5129.71,5122.22,5149.32,5111.08,76550000.0,-0.12
2017-09-07,5074.49,5146.84,5146.84,5070.68,167130000.0,-1.08
2017-09-08,5101.67,5065.63,5101.67,5014.62,241000000.0,0.54
2017-09-11,5107.22,5108.85,5123.65,5079.75,119270000.0,0.11
2017-09-12,5138.27,5123.84,5160.33,5123.84,102780000.0,0.61
2017-09-13,5168.88,5133.76,5175.47,5133.76,73810000.0,0.6
2017-09-14,5201.51,5165.83,5201.51,5156.54,76870000.0,0.63
2017-09-15,5201.88,5177.16,5221.82,5175.11,147690000.0,0.01
2017-09-18,5283.14,5262.07,5310.34,5260.34,178990000.0,1.56
2017-09-19,5302.89,5290.46,5310.48,5285.94,135430000.0,0.37
2017-09-20,5296.17,5317.0,5321.17,5281.79,105810000.0,-0.13
2017-09-21,5305.98,5301.65,5309.17,5288.5,108680000.0,0.19
2017-09-22,5310.06,5299.01,5324.62,5286.04,91720000.0,0.08
2017-09-25,5313.09,5307.67,5330.92,5300.0,119430000.0,0.06
2017-09-26,5316.69,5302.88,5324.37,5299.61,59710000.0,0.07
2017-09-27,5333.61,5325.73,5347.59,5319.56,124330000.0,0.32
2017-09-28,5375.61,5345.32,5376.77,5339.22,141350000.0,0.79
2017-09-29,5409.58,5390.12,5409.58,5382.75,138640000.0,0.63
2017-10-02,5399.04,5412.04,5416.62,5379.93,114180000.0,-0.19
2017-10-03,5439.99,5409.58,5439.99,5404.1,126740000.0,0.76
2017-10-04,5385.92,5441.73,5445.8,5373.1,162530000.0,-0.99
2017-10-05,5427.77,5393.96,5427.77,5392.04,99740000.0,0.78
2017-10-06,5395.27,5426.64,5440.79,5389.88,106490000.0,-0.6
2017-10-09,5411.5,5396.44,5429.75,5396.44,94560000.0,0.3
2017-10-10,5408.81,5413.85,5442.83,5403.81,122850000.0,-0.05
2017-10-11,5439.32,5431.15,5444.87,5423.41,110810000.0,0.56
2017-10-12,5457.15,5443.95,5464.63,5428.14,117460000.0,0.33
2017-10-13,5457.96,5458.73,5466.79,5437.34,152880000.0,0.01
2017-10-16,5452.53,5445.58,5453.15,5422.4,134030000.0,-0.1
2017-10-17,5450.85,5449.21,5454.47,5425.26,100020000.0,-0.03
2017-10-18,5461.19,5434.82,5474.02,5414.35,102300000.0,0.19
2017-10-19,5460.35,5463.0,5470.77,5426.99,72740000.0,-0.02
2017-10-20,5451.91,5455.73,5479.46,5446.32,119660000.0,-0.15
2017-10-23,5436.28,5458.79,5470.0,5433.51,73010000.0,-0.29
2017-10-24,5414.31,5436.4,5442.41,5405.83,60480000.0,-0.4
2017-10-25,5368.7,5417.41,5420.78,5366.65,56610000.0,-0.84
2017-10-26,5402.15,5359.03,5412.94,5345.87,83570000.0,0.62
2017-10-27,5408.46,5415.63,5429.22,5402.29,47980000.0,0.12
2017-10-30,5446.51,5408.82,5458.48,5399.14,83770000.0,0.7
2017-10-31,5475.67,5466.26,5495.87,5465.87,57710000.0,0.54
2017-11-01,5438.62,5442.73,5466.91,5434.71,72100000.0,-0.68
2017-11-02,5446.82,5449.98,5465.92,5428.0,59400000.0,0.15
2017-11-03,5368.64,5442.74,5442.74,5347.05,81290000.0,-1.44
2017-11-06,5349.73,5377.75,5377.98,5320.88,49160000.0,-0.35
2017-11-07,5351.24,5369.03,5388.68,5351.24,52170000.0,0.03
2017-11-08,5330.0,5360.86,5367.06,5315.88,76280000.0,-0.4
2017-11-09,5321.82,5337.55,5388.88,5309.69,63900000.0,-0.15
2017-11-10,5301.7,5335.21,5339.85,5290.34,57890000.0,-0.38
2017-11-13,5258.14,5308.55,5317.14,5232.79,61720000.0,-0.82
2017-11-14,5268.66,5259.99,5300.01,5257.81,99010000.0,0.2
2017-11-15,5260.18,5243.58,5270.74,5208.84,67880000.0,-0.16
2017-11-16,5271.75,5273.0,5339.07,5264.3,62090000.0,0.22
2017-11-17,5258.75,5274.68,5274.76,5249.12,53530000.0,-0.25
2017-11-20,5280.34,5250.42,5288.53,5246.38,50110000.0,0.41
2017-11-21,5291.59,5288.54,5300.83,5249.25,61840000.0,0.21
2017-11-22,5305.06,5295.91,5334.98,5286.94,88560000.0,0.25
2017-11-23,5309.76,5307.68,5316.37,5294.14,40700000.0,0.09
2017-11-24,5283.35,5303.83,5324.37,5276.61,36070000.0,-0.5
2017-11-27,5262.22,5269.05,5271.48,5229.54,67870000.0,-0.4
2017-11-28,5276.95,5276.1,5292.63,5252.09,67970000.0,0.28
2017-11-29,5351.77,5297.04,5367.61,5295.23,153810000.0,1.42
2017-11-30,5363.07,5342.09,5368.39,5337.45,117920000.0,0.21
2017-12-01,5350.84,5374.85,5393.48,5350.36,85660000.0,-0.23
2017-12-04,5363.56,5382.64,5386.8,5346.04,77270000.0,0.24
2017-12-05,5395.26,5368.18,5424.31,5359.09,140380000.0,0.59
2017-12-06,5381.0,5381.42,5387.44,5360.05,95420000.0,-0.26
2017-12-07,5391.67,5387.06,5424.25,5378.3,65260000.00000001,0.2
2017-12-08,5360.26,5402.03,5420.31,5360.26,74620000.0,-0.58
2017-12-11,5363.0,5370.32,5379.02,5347.56,69580000.0,0.05
2017-12-12,5398.02,5366.68,5403.92,5355.54,68550000.0,0.65
2017-12-13,5383.69,5390.01,5414.47,5381.67,98070000.0,-0.27
2017-12-14,5356.12,5386.55,5390.2,5355.65,82570000.0,-0.51
2017-12-15,5385.63,5350.31,5386.41,5324.9,125120000.0,0.55
2017-12-18,5428.89,5411.21,5435.81,5406.88,72740000.0,0.8
2017-12-19,5431.01,5429.65,5438.89,5414.95,108620000.0,0.04
2017-12-20,5406.64,5445.62,5448.88,5406.64,102380000.0,-0.45
2017-12-21,5396.53,5397.67,5415.3,5384.96,57570000.0,-0.19
2017-12-22,5383.33,5386.93,5406.91,5378.43,73600000.0,-0.24
2017-12-27,5379.2,5367.85,5386.92,5354.18,68200000.0,-0.08
2017-12-28,5368.83,5380.96,5393.12,5365.85,64920000.0,-0.19
2017-12-29,5388.33,5362.74,5388.33,5354.91,59990000.0,0.36
2018-01-02,5469.6,5405.83,5469.6,5399.61,96420000.0,1.51
2018-01-03,5537.97,5483.29,5549.14,5482.45,153470000.0,1.25
2018-01-04,5622.72,5573.38,5624.86,5569.84,158680000.0,1.53
2018-01-05,5615.63,5628.1,5639.0,5610.44,111400000.0,-0.13
2018-01-08,5645.53,5634.54,5657.77,5629.6,98130000.0,0.53
2018-01-09,5654.24,5666.23,5702.94,5654.24,103580000.0,0.15
2018-01-10,5657.95,5651.65,5674.88,5641.83,74480000.0,0.07
2018-01-11,5644.26,5659.7,5668.56,5630.69,65200000.0,-0.24
2018-01-12,5623.41,5665.13,5665.13,5611.93,85640000.0,-0.37
2018-01-15,5620.95,5637.64,5640.18,5596.98,55980000.0,-0.04
2018-01-16,5613.58,5620.85,5672.51,5607.65,82100000.0,-0.13
2018-01-17,5618.69,5618.13,5630.68,5589.98,58480000.0,0.09
2018-01-18,5671.54,5633.31,5673.68,5613.52,92250000.0,0.94
2018-01-19,5689.05,5663.39,5692.12,5651.24,77720000.0,0.31
2018-01-22,5744.83,5693.88,5749.16,5691.11,118810000.0,0.98
2018-01-23,5791.88,5777.42,5793.14,5760.02,150190000.0,0.82
2018-01-24,5752.26,5786.63,5789.54,5750.09,104460000.0,-0.68
2018-01-25,5766.67,5751.38,5779.67,5751.16,94320000.0,0.25
2018-01-26,5768.48,5776.86,5793.38,5765.28,64230000.00000001,0.03
2018-01-29,5730.22,5773.56,5774.2,5717.56,78410000.0,-0.66
2018-01-30,5692.4,5707.47,5712.94,5668.58,70120000.0,-0.66
2018-01-31,5663.44,5698.51,5710.82,5663.44,62060000.0,-0.51
2018-02-01,5606.88,5666.21,5667.97,5606.09,102350000.0,-1.0
2018-02-02,5516.87,5608.64,5609.08,5515.04,87040000.0,-1.61
2018-02-05,5405.31,5486.76,5486.76,5404.66,95690000.0,-2.02
2018-02-06,5326.25,5248.92,5379.46,5248.92,147420000.0,-1.46
2018-02-07,5441.08,5418.04,5454.39,5381.0,100820000.0,2.16
2018-02-08,5377.99,5440.96,5440.96,5371.36,90810000.0,-1.16
2018-02-09,5294.9,5328.12,5341.25,5254.88,101500000.0,-1.55
2018-02-12,5373.37,5339.28,5405.14,5334.91,83030000.0,1.48
2018-02-13,5365.45,5410.81,5414.95,5356.37,55550000.0,-0.15
2018-02-14,5420.61,5397.15,5426.5,5362.22,72540000.0,1.03
2018-02-15,5463.89,5476.14,5530.84,5440.83,152280000.0,0.8
2018-02-16,5505.43,5497.44,5540.32,5474.17,74870000.0,0.76
2018-02-19,5435.65,5516.79,5524.5,5423.06,61070000.0,-1.27
2018-02-20,5448.81,5412.91,5460.27,5400.37,70860000.0,0.24
2018-02-21,5468.18,5424.34,5486.62,5415.28,51390000.0,0.36
2018-02-22,5450.52,5416.55,5465.34,5415.94,55650000.0,-0.32
2018-02-23,5469.91,5451.89,5482.98,5444.25,53430000.0,0.36
2018-02-26,5476.74,5485.36,5524.85,5466.81,55660000.0,0.12
2018-02-27,5468.05,5493.3,5493.78,5427.14,62260000.0,-0.16
2018-02-28,5468.21,5445.4,5508.74,5409.47,80540000.0,0.0
2018-03-01,5376.33,5454.71,5454.9,5342.11,108350000.0,-1.68
2018-03-02,5367.16,5340.75,5367.16,5280.67,383060000.0,-0.17
2018-03-05,5365.66,5341.77,5407.77,5323.56,171710000.0,-0.03
2018-03-06,5354.25,5395.71,5415.6,5348.5,92170000.0,-0.21
2018-03-07,5339.43,5331.88,5366.85,5319.38,95390000.0,-0.28
2018-03-08,5395.13,5366.8,5431.21,5347.77,94520000.0,1.04
2018-03-09,5423.8,5410.58,5423.92,5389.78,70550000.0,0.53
2018-03-12,5438.37,5468.77,5469.89,5424.81,85720000.0,0.27
2018-03-13,5425.62,5448.89,5473.39,5419.84,105310000.0,-0.23
2018-03-14,5420.0,5424.38,5452.44,5404.93,80320000.0,-0.1
2018-03-15,5440.8,5446.81,5456.12,5410.83,90080000.0,0.38
2018-03-16,5435.94,5447.19,5455.74,5404.18,193640000.0,-0.09
2018-03-19,5396.4,5435.33,5437.99,5386.99,65900000.00000001,-0.73
2018-03-20,5421.36,5402.97,5426.67,5385.55,43340000.0,0.46
2018-03-21,5429.97,5417.85,5442.14,5409.4,50210000.0,0.16
2018-03-22,5373.16,5408.46,5435.26,5335.43,79820000.0,-1.05
2018-03-23,5342.53,5336.68,5373.75,5281.42,82530000.0,-0.57
2018-03-26,5319.84,5356.82,5369.56,5302.77,53530000.0,-0.42
2018-03-27,5375.28,5384.32,5416.28,5369.08,48640000.0,1.04
2018-03-28,5357.78,5339.56,5357.78,5309.65,78020000.0,-0.33
2018-03-29,5405.57,5373.52,5420.3,5347.78,56450000.0,0.89
2018-04-03,5383.58,5374.09,5397.28,5350.95,61470000.0,-0.41
2018-04-04,5373.22,5403.17,5403.73,5322.84,70450000.0,-0.19
2018-04-05,5485.45,5417.26,5485.45,5417.26,74630000.0,2.09
2018-04-06,5417.06,5462.39,5464.3,5407.59,60590000.0,-1.25
2018-04-09,5448.99,5492.68,5507.77,5444.04,56100000.0,0.59
2018-04-10,5475.84,5458.56,5482.72,5443.79,48490000.0,0.49
2018-04-11,5465.71,5464.99,5505.88,5462.93,47840000.0,-0.18
2018-04-12,5487.54,5460.15,5494.18,5442.24,76170000.0,0.4
2018-04-13,5477.58,5476.57,5503.47,5467.58,53860000.0,-0.18
2018-04-16,5453.97,5470.67,5476.75,5444.94,54100000.0,-0.43
2018-04-17,5458.3,5470.58,5473.43,5421.73,40680000.0,0.08
2018-04-18,5500.8,5468.69,5504.58,5459.53,47220000.0,0.78
2018-04-19,5521.9,5504.36,5524.0,5487.64,67600000.0,0.38
2018-04-20,5527.86,5501.05,5533.88,5497.08,69150000.0,0.11
2018-04-23,5544.44,5523.48,5544.44,5504.03,57150000.0,0.3
2018-04-24,5585.28,5546.56,5587.24,5541.45,85630000.0,0.74
2018-04-25,5537.8,5559.87,5569.7,5517.0,74000000.0,-0.85
2018-04-26,5516.79,5563.22,5575.31,5515.77,81020000.0,-0.38
2018-04-27,5527.69,5501.63,5549.71,5498.68,50500000.0,0.2
2018-04-30,5512.29,5512.61,5542.41,5505.8,57600000.0,-0.28
2018-05-02,5498.05,5514.59,5521.78,5480.7,80420000.0,-0.26
2018-05-03,5486.78,5493.42,5505.93,5476.66,74430000.0,-0.2
2018-05-04,5487.79,5493.38,5511.29,5485.92,59660000.0,0.02
2018-05-07,5527.76,5513.69,5531.5,5506.32,60900000.0,0.73
2018-05-08,5539.56,5510.66,5539.56,5480.61,119930000.0,0.21
2018-05-09,5550.39,5557.06,5568.93,5542.73,92520000.0,0.2
2018-05-10,5559.62,5569.1,5576.88,5533.46,64489999.99999999,0.17
2018-05-11,5613.82,5572.92,5613.82,5568.61,68730000.0,0.97
2018-05-14,5692.66,5703.05,5732.3,5690.48,126600000.0,1.4
2018-05-15,5699.72,5685.16,5715.46,5667.75,90520000.0,0.12
2018-05-16,5695.67,5681.11,5711.45,5681.11,81990000.0,-0.07
2018-05-17,5753.69,5692.64,5753.69,5684.59,76310000.0,1.02
2018-05-18,5715.42,5762.38,5775.17,5705.78,94550000.0,-0.67
2018-05-21,5749.83,5728.78,5771.78,5716.68,58440000.0,0.6
2018-05-22,5787.44,5759.26,5801.45,5753.7,68700000.0,0.65
2018-05-23,5700.05,5732.77,5733.18,5683.75,71620000.0,-1.51
2018-05-24,5662.0,5706.39,5712.29,5654.46,61380000.0,-0.67
2018-05-25,5610.46,5667.9,5684.65,5600.53,78250000.0,-0.91
2018-05-28,5513.02,5598.82,5606.17,5505.67,72860000.0,-1.74
2018-05-29,5369.19,5460.42,5471.33,5351.45,198180000.0,-2.61
2018-05-30,5443.56,5390.5,5451.89,5358.03,178020000.0,1.39
2018-05-31,5468.67,5460.53,5514.67,5443.02,185910000.0,0.46
2018-06-01,5517.49,5511.24,5560.05,5500.97,157660000.0,0.89
2018-06-04,5584.2,5551.98,5604.85,5551.08,106010000.0,1.21
2018-06-05,5584.67,5598.63,5613.58,5580.49,103280000.0,0.01
2018-06-06,5613.46,5606.75,5630.84,5586.74,80480000.0,0.52
2018-06-07,5624.61,5638.41,5654.17,5608.39,63890000.0,0.2
2018-06-08,5615.38,5595.53,5630.84,5594.34,50460000.0,-0.16
2018-06-11,5644.59,5636.63,5657.51,5611.92,80430000.0,0.52
2018-06-12,5662.93,5677.65,5680.56,5656.23,80470000.0,0.32
2018-06-13,5683.46,5667.85,5697.27,5663.3,50260000.0,0.36
2018-06-14,5677.81,5666.27,5701.9,5616.81,67060000.0,-0.1
2018-06-15,5569.17,5639.06,5649.91,5569.17,153610000.0,-1.91
2018-06-18,5569.83,5560.23,5574.13,5540.72,57140000.0,0.01
2018-06-19,5544.5,5520.95,5570.66,5506.39,81370000.0,-0.45
2018-06-20,5533.95,5561.85,5570.09,5533.95,64569999.99999999,-0.19
2018-06-21,5471.65,5538.96,5554.75,5471.65,77210000.0,-1.13
2018-06-22,5575.41,5493.19,5580.66,5492.47,66940000.0,1.9
2018-06-25,5528.75,5557.72,5584.22,5528.75,40190000.0,-0.84
2018-06-26,5572.36,5554.98,5599.34,5554.98,43630000.0,0.79
2018-06-27,5591.62,5574.95,5609.13,5532.6,72190000.0,0.35
2018-06-28,5554.33,5592.64,5612.97,5540.07,59260000.0,-0.67
2018-06-29,5528.5,5566.1,5581.99,5524.15,71620000.0,-0.47
2018-07-02,5488.34,5476.58,5515.89,5451.45,56820000.0,-0.73
2018-07-03,5487.72,5517.36,5523.66,5477.27,51660000.0,-0.01
2018-07-04,5515.24,5489.37,5521.93,5474.9,31990000.0,0.5
2018-07-05,5569.36,5520.06,5572.97,5515.88,52930000.0,0.98
2018-07-06,5599.76,5569.66,5599.76,5563.61,45450000.0,0.55
2018-07-09,5642.86,5614.82,5653.4,5606.7,45590000.0,0.77
2018-07-10,5661.81,5641.84,5686.45,5638.59,44790000.0,0.34
2018-07-11,5636.79,5640.39,5655.88,5628.32,35090000.0,-0.44
2018-07-12,5633.88,5635.94,5661.87,5628.19,40880000.0,-0.05
2018-07-13,5619.49,5632.55,5644.1,5614.3,34280000.0,-0.26
2018-07-16,5620.74,5614.23,5660.82,5611.73,35760000.0,0.02
2018-07-17,5638.26,5612.26,5642.3,5597.22,37430000.0,0.31
2018-07-18,5623.32,5631.34,5639.21,5609.13,33260000.0,-0.26
2018-07-19,5617.8,5617.85,5628.68,5600.77,30740000.0,-0.1
2018-07-20,5605.51,5608.22,5621.89,5580.52,49120000.0,-0.22
2018-07-23,5638.17,5621.65,5655.02,5610.13,52170000.0,0.58
2018-07-24,5608.27,5645.2,5646.28,5606.37,57300000.0,-0.53
2018-07-25,5620.52,5604.33,5643.5,5604.33,39350000.0,0.22
2018-07-26,5593.01,5603.95,5610.09,5558.9,52430000.0,-0.49
2018-07-27,5615.27,5559.42,5636.13,5559.42,48100000.0,0.4
2018-07-30,5627.74,5618.15,5640.49,5614.22,33000000.0,0.22
2018-07-31,5619.8,5622.59,5634.23,5610.31,54730000.0,-0.14
2018-08-01,5637.27,5614.68,5637.27,5613.25,39660000.0,0.31
2018-08-02,5611.57,5613.13,5623.29,5592.05,50800000.0,-0.46
2018-08-03,5593.92,5613.41,5615.45,5589.81,38390000.0,-0.31
2018-08-06,5611.54,5594.67,5627.29,5591.35,32870000.0,0.31
2018-08-07,5630.99,5610.05,5642.9,5605.75,35230000.0,0.35
2018-08-08,5636.26,5618.93,5651.42,5607.26,31180000.0,0.09
2018-08-09,5642.35,5612.38,5644.37,5603.44,30230000.0,0.11
2018-08-10,5628.6,5617.94,5630.94,5603.26,45790000.0,-0.24
2018-08-13,5537.21,5590.45,5593.31,5481.5,39420000.0,-1.62
2018-08-14,5504.5,5539.57,5541.93,5496.99,51030000.0,-0.59
2018-08-15,5417.05,5505.37,5506.02,5405.32,38590000.0,-1.59
2018-08-16,5487.0,5440.13,5495.58,5429.55,38150000.0,1.29
2018-08-17,5461.3,5487.7,5493.04,5442.09,48550000.0,-0.47
2018-08-20,5478.78,5469.0,5516.14,5467.82,24810000.0,0.32
2018-08-21,5505.06,5480.13,5520.47,5480.13,33700000.0,0.48
2018-08-22,5516.98,5502.23,5528.96,5502.23,34740000.0,0.22
2018-08-23,5490.72,5509.26,5520.95,5473.57,34380000.0,-0.48
2018-08-24,5497.2,5485.83,5504.74,5473.96,35210000.0,0.12
2018-08-27,5521.2,5505.54,5524.99,5497.82,24060000.0,0.44
2018-08-28,5511.79,5515.35,5543.73,5511.79,36160000.0,-0.17
2018-08-29,5495.74,5519.19,5521.65,5486.55,39540000.0,-0.29
2018-08-30,5462.73,5485.82,5490.51,5460.81,44240000.0,-0.6
2018-08-31,5422.58,5460.37,5461.86,5413.14,60780000.0,-0.73
2018-09-03,5409.89,5426.57,5432.36,5399.03,44930000.0,-0.23
2018-09-04,5368.78,5407.71,5407.71,5356.21,58300000.0,-0.76
2018-09-05,5294.33,5352.86,5359.43,5293.54,61950000.0,-1.39
2018-09-06,5261.96,5276.31,5300.81,5261.38,53640000.0,-0.61
2018-09-07,5232.99,5257.08,5265.9,5208.33,70670000.0,-0.55
2018-09-10,5279.09,5231.04,5279.57,5228.95,45620000.0,0.88
2018-09-11,5269.45,5277.78,5281.68,5228.36,44340000.0,-0.18
2018-09-12,5307.07,5275.58,5311.58,5274.31,53040000.0,0.71
2018-09-13,5315.06,5307.92,5345.64,5302.13,52490000.0,0.15
2018-09-14,5285.32,5327.46,5330.04,5278.09,51280000.0,-0.56
2018-09-17,5328.83,5278.4,5339.89,5278.19,60450000.0,0.82
2018-09-18,5361.16,5338.7,5371.66,5326.36,58650000.0,0.61
2018-09-19,5373.06,5366.66,5386.82,5366.66,63770000.0,0.22
2018-09-20,5358.81,5377.13,5393.44,5357.88,74580000.0,-0.27
2018-09-21,5345.85,5382.44,5391.56,5343.6,68280000.0,-0.24
2018-09-24,5361.44,5343.96,5368.52,5329.89,37660000.0,0.29
2018-09-25,5391.17,5356.86,5391.53,5356.44,72420000.0,0.55
2018-09-26,5389.83,5392.4,5396.23,5372.06,51510000.0,-0.02
2018-09-27,5424.27,5386.61,5426.01,5369.18,51740000.0,0.64
2018-09-28,5359.27,5391.45,5397.72,5329.93,71200000.0,-1.2
2018-10-01,5313.17,5346.72,5363.2,5312.23,59140000.0,-0.86
2018-10-02,5292.19,5294.64,5323.56,5282.7,65540000.00000001,-0.39
2018-10-03,5294.32,5311.17,5321.59,5293.05,42390000.0,0.04
2018-10-04,5254.19,5295.38,5307.37,5251.91,58990000.0,-0.76
2018-10-05,5203.9,5249.38,5259.55,5203.9,55600000.0,-0.96
2018-10-08,5122.99,5178.32,5185.55,5107.64,77950000.0,-1.55
2018-10-09,5148.81,5159.42,5168.83,5112.84,82430000.0,0.5
2018-10-10,5035.86,5149.54,5171.72,5035.86,84950000.0,-2.19
2018-10-11,4994.35,4966.69,5055.04,4962.72,86410000.0,-0.82
2018-10-12,5006.81,5031.69,5049.68,5006.81,56160000.0,0.25
2018-10-15,4996.54,4995.77,5017.12,4976.04,56370000.0,-0.21
2018-10-16,5042.74,4995.59,5053.6,4987.2,70680000.0,0.92
2018-10-17,5058.08,5079.42,5096.14,5041.67,71270000.0,0.3
2018-10-18,5060.36,5075.34,5097.26,5058.8,44420000.0,0.05
2018-10-19,5026.02,5054.71,5073.06,5019.6,57530000.0,-0.68
2018-10-22,5019.07,5048.76,5070.02,5014.77,42650000.0,-0.14
2018-10-23,4932.55,4973.81,4985.4,4932.55,46580000.0,-1.72
2018-10-24,4932.2,4923.71,4985.45,4923.71,46830000.0,-0.01
2018-10-25,4988.15,4912.41,4998.54,4901.69,59650000.0,1.13
2018-10-26,4924.95,4951.68,4959.19,4893.44,45590000.0,-1.27
2018-10-29,4952.31,4951.84,4998.1,4945.66,35840000.0,0.56
2018-10-30,5006.86,4960.41,5018.89,4960.41,62680000.0,1.1
2018-10-31,5030.71,5001.5,5052.67,4985.03,89890000.0,0.48
2018-11-01,5014.63,5018.95,5049.85,5001.62,42300000.0,-0.32
2018-11-02,4979.51,5028.81,5036.81,4974.43,45360000.0,-0.7
2018-11-05,4987.67,4986.19,5008.38,4966.11,41690000.0,0.16
2018-11-06,4977.68,4973.45,4985.18,4941.53,46340000.0,-0.2
2018-11-07,5015.34,4993.25,5025.45,4990.38,53980000.0,0.76
2018-11-08,5020.71,5026.84,5042.71,4995.34,53800000.0,0.11
2018-11-09,5020.43,5007.16,5041.12,5000.93,99440000.0,-0.01
2018-11-12,4992.03,5041.76,5042.59,4991.15,58820000.0,-0.57
2018-11-13,4955.6,4983.84,5006.08,4938.37,56140000.0,-0.73
2018-11-14,4959.68,4936.48,4964.91,4917.83,67450000.0,0.08
2018-11-15,4916.67,4978.04,4984.14,4902.93,69170000.0,-0.87
2018-11-16,4913.93,4945.41,4973.94,4902.05,57330000.0,-0.06
2018-11-19,4903.59,4934.25,4949.02,4903.59,40860000.0,-0.21
2018-11-20,4829.53,4885.85,4892.23,4824.96,53230000.0,-1.51
2018-11-21,4859.96,4847.09,4879.04,4847.09,62000000.0,0.63
2018-11-22,4818.85,4852.66,4869.89,4818.85,41230000.0,-0.85
2018-11-23,4800.59,4835.61,4839.36,4783.34,32030000.0,-0.38
2018-11-26,4860.79,4831.64,4865.14,4829.57,54420000.0,1.25
2018-11-27,4836.18,4878.49,4878.49,4824.22,49220000.0,-0.51
2018-11-28,4870.14,4868.25,4898.18,4839.45,75130000.0,0.7
2018-11-29,4905.49,4899.37,4905.6,4862.62,53090000.0,0.73
2018-11-30,4914.14,4904.25,4926.28,4898.99,49130000.0,0.18
2018-12-03,4989.02,4972.43,5004.66,4972.43,56930000.0,1.52
2018-12-04,4938.51,5007.48,5010.25,4937.16,59410000.0,-1.01
2018-12-05,4921.15,4886.47,4936.59,4885.9,37670000.0,-0.35
2018-12-06,4817.69,4890.3,4890.3,4808.39,59380000.0,-2.1
2018-12-07,4836.73,4825.31,4874.83,4814.26,48760000.0,0.4
2018-12-10,4791.29,4820.71,4836.91,4782.65,43450000.0,-0.94
2018-12-11,4778.06,4804.09,4820.35,4778.06,40750000.0,-0.28
2018-12-12,4842.58,4783.06,4850.3,4773.78,59030000.0,1.35
2018-12-13,4823.06,4837.36,4862.74,4810.65,54900000.0,-0.4
2018-12-14,4803.42,4808.15,4813.25,4780.32,49870000.0,-0.41
2018-12-17,4730.62,4784.94,4812.96,4727.66,59280000.0,-1.52
2018-12-18,4702.63,4714.06,4758.44,4686.25,73360000.0,-0.59
2018-12-19,4744.15,4704.84,4749.82,4703.33,61670000.0,0.88
2018-12-20,4674.81,4704.16,4715.5,4667.7,56120000.0,-1.46
2018-12-21,4649.97,4653.0,4656.66,4603.88,85100000.0,-0.53
2018-12-24,4640.14,4611.68,4640.14,4611.68,7790000.0,-0.21
2018-12-27,4587.45,4697.19,4697.19,4551.84,68370000.0,-1.14
2018-12-28,4647.16,4620.58,4649.87,4609.58,50800000.0,1.3
2018-12-31,4731.47,4657.15,4731.47,4654.01,19880000.0,1.81
2019-01-02,4740.85,4695.08,4758.11,4653.58,57200000.0,0.2
2019-01-03,4746.06,4726.42,4767.43,4712.15,39630000.0,0.11
2019-01-04,4880.01,4780.78,4895.34,4780.45,71600000.0,2.82
2019-01-07,4923.87,4897.54,4935.02,4871.44,51660000.0,0.9
2019-01-08,4909.74,4947.5,4954.65,4908.21,50510000.0,-0.29
2019-01-09,4923.97,4943.06,4975.76,4915.43,65430000.00000001,0.29
2019-01-10,4923.75,4925.73,4936.49,4901.71,60740000.0,-0.0
2019-01-11,4958.61,4940.91,4977.5,4940.23,37950000.0,0.71
2019-01-14,4950.51,4936.16,4950.51,4910.01,30470000.0,-0.16
2019-01-15,5002.63,4982.31,5006.65,4964.96,51000000.0,1.05
2019-01-16,4998.62,5005.11,5010.46,4989.91,55500000.0,-0.08
2019-01-17,5029.68,4981.46,5038.58,4978.73,48030000.0,0.62
2019-01-18,5068.02,5056.85,5088.29,5056.85,58470000.0,0.76
2019-01-21,5087.36,5097.84,5104.66,5077.42,30370000.0,0.38
2019-01-22,5068.75,5068.6,5079.85,5042.88,58100000.0,-0.37
2019-01-23,5086.01,5058.66,5117.77,5050.76,53790000.0,0.34
2019-01-24,5101.73,5095.83,5124.16,5082.19,65050000.0,0.31
2019-01-25,5152.04,5115.1,5152.04,5115.1,53180000.0,0.99
2019-01-28,5089.92,5129.34,5136.72,5082.1,53280000.0,-1.21
2019-01-29,5110.44,5077.62,5117.63,5075.85,53450000.0,0.4
2019-01-30,5118.56,5112.31,5130.34,5095.5,37750000.0,0.16
2019-01-31,5129.02,5129.09,5149.48,5111.74,71750000.0,0.2
2019-02-01,5115.02,5136.24,5146.75,5101.05,78530000.0,-0.27
2019-02-04,5093.85,5104.67,5120.26,5077.86,52730000.0,-0.41
2019-02-05,5169.42,5106.38,5169.42,5100.31,51560000.0,1.48
2019-02-06,5215.24,5153.97,5225.78,5153.97,70890000.0,0.89
2019-02-07,5136.2,5202.22,5216.33,5136.2,72150000.0,-1.52
2019-02-08,5091.06,5118.21,5143.55,5086.03,64069999.99999999,-0.88
2019-02-11,5093.82,5087.1,5133.48,5073.99,43930000.0,0.05
2019-02-12,5131.51,5127.12,5142.17,5118.12,38310000.0,0.74
2019-02-13,5070.67,5145.18,5147.71,5065.63,55390000.0,-1.19
2019-02-14,5087.46,5093.66,5110.17,5076.67,53030000.0,0.33
2019-02-15,5141.96,5081.61,5141.96,5071.67,61450000.0,1.07
2019-02-18,5143.68,5162.2,5165.03,5143.18,39610000.0,0.03
2019-02-19,5139.36,5135.08,5148.31,5114.38,35790000.0,-0.08
2019-02-20,5178.2,5151.08,5182.39,5143.4,48240000.0,0.76
2019-02-21,5161.43,5171.42,5173.62,5141.64,50680000.0,-0.32
2019-02-22,5152.69,5153.0,5167.51,5140.65,79320000.0,-0.17
2019-02-25,5153.23,5165.52,5177.28,5152.52,44590000.0,0.01
2019-02-26,5163.89,5140.58,5169.56,5127.23,41560000.0,0.21
2019-02-27,5162.05,5143.89,5171.78,5139.35,47430000.0,-0.04
2019-02-28,5185.43,5127.12,5188.86,5127.12,96150000.0,0.45
2019-03-01,5238.54,5202.21,5249.39,5202.21,81570000.0,1.02
2019-03-04,5276.13,5256.54,5294.27,5256.1,54680000.0,0.72
2019-03-05,5276.72,5274.91,5289.14,5259.8,44930000.0,0.01
2019-03-06,5297.53,5280.63,5306.21,5275.28,50240000.0,0.39
2019-03-07,5239.81,5298.36,5304.75,5239.54,96280000.0,-1.09
2019-03-08,5181.05,5195.75,5232.5,5173.25,88150000.0,-1.12
2019-03-11,5183.61,5178.5,5191.95,5163.05,64769999.99999999,0.05
2019-03-12,5151.61,5190.4,5217.67,5151.6,71190000.0,-0.62
2019-03-13,5206.19,5159.36,5206.19,5146.9,68400000.0,1.06
2019-03-14,5271.55,5220.62,5285.51,5220.62,59790000.0,1.26
2019-03-15,5240.0,5270.01,5282.66,5236.15,98670000.0,-0.6
2019-03-18,5283.65,5260.84,5283.65,5244.34,52790000.0,0.83
2019-03-19,5300.51,5296.78,5319.19,5274.43,65500000.0,0.32
2019-03-20,5265.52,5296.6,5312.73,5249.82,50220000.0,-0.66
2019-03-21,5267.78,5261.05,5276.32,5243.37,54020000.0,0.04
2019-03-22,5160.37,5282.59,5288.9,5155.06,94820000.0,-2.04
2019-03-25,5142.45,5137.77,5158.03,5110.72,56840000.0,-0.35
2019-03-26,5145.28,5163.49,5169.81,5136.92,58340000.0,0.06
2019-03-27,5168.79,5158.52,5187.0,5141.12,88580000.0,0.46
2019-03-28,5177.4,5168.91,5217.13,5167.38,67180000.0,0.17
2019-03-29,5206.61,5209.02,5211.77,5185.22,60530000.0,0.56
2019-04-01,5258.41,5237.84,5261.18,5224.72,67270000.0,0.99
2019-04-02,5287.05,5268.14,5291.28,5260.2,56860000.0,0.54
2019-04-03,5338.48,5306.11,5345.1,5306.11,79520000.0,0.97
2019-04-04,5317.72,5333.77,5334.92,5305.36,46020000.0,-0.39
2019-04-05,5309.4,5323.93,5323.93,5286.11,49490000.0,-0.16
2019-04-08,5310.95,5301.59,5313.84,5294.92,38090000.0,0.03
2019-04-09,5275.6,5309.13,5323.35,5272.28,45220000.0,-0.67
2019-04-10,5325.09,5272.2,5326.35,5270.68,37470000.0,0.94
2019-04-11,5344.12,5325.79,5353.88,5315.32,43110000.0,0.36
2019-04-12,5379.51,5346.52,5379.78,5330.69,72610000.0,0.66
2019-04-15,5409.55,5397.31,5420.6,5396.46,93820000.0,0.56
2019-04-16,5397.27,5406.24,5429.32,5382.4,60930000.0,-0.23
2019-04-17,5367.96,5409.46,5409.46,5353.73,63180000.0,-0.54
2019-04-18,5359.75,5352.0,5373.42,5335.25,52290000.0,-0.15
2019-04-23,5373.17,5358.48,5381.5,5357.35,59030000.0,0.25
2019-04-24,5356.77,5369.14,5386.23,5350.48,66800000.0,-0.31
2019-04-25,5351.77,5347.05,5358.38,5324.8,51970000.0,-0.09
2019-04-26,5420.07,5355.39,5422.12,5349.67,68210000.0,1.28
2019-04-29,5393.52,5411.43,5414.09,5383.99,51170000.0,-0.49
2019-04-30,5390.56,5374.71,5399.48,5368.67,78640000.0,-0.05
2019-05-02,5385.71,5385.3,5400.56,5369.64,84500000.0,-0.09
2019-05-03,5379.5,5385.85,5403.28,5377.47,60220000.0,-0.12
2019-05-06,5301.3,5302.14,5323.97,5293.32,52080000.0,-1.45
2019-05-07,5233.02,5296.02,5307.44,5227.62,52810000.0,-1.29
2019-05-08,5200.23,5229.39,5248.47,5192.17,44690000.0,-0.63
2019-05-09,5107.86,5187.77,5187.77,5104.51,70170000.0,-1.78
2019-05-10,5163.75,5188.03,5201.97,5163.61,95500000.0,1.09
2019-05-13,5070.37,5128.97,5132.4,5067.71,62830000.0,-1.81
2019-05-14,5109.1,5086.96,5123.97,5086.65,49910000.0,0.76
2019-05-15,5131.37,5117.87,5131.37,5087.07,59050000.0,0.44
2019-05-16,5129.04,5132.22,5151.23,5070.71,60390000.0,-0.05
2019-05-17,5118.04,5111.38,5140.96,5092.75,48670000.0,-0.21
2019-05-20,5098.84,5125.97,5144.42,5093.39,41680000.0,-0.38
2019-05-21,5122.59,5100.73,5133.18,5081.12,42430000.0,0.47
2019-05-22,5108.06,5093.32,5123.26,5092.17,59460000.0,-0.28
2019-05-23,5057.92,5077.54,5079.72,5050.23,54610000.0,-0.98
2019-05-24,5097.28,5078.4,5106.18,5078.4,64959999.99999999,0.78
2019-05-27,5140.91,5108.7,5143.98,5108.7,45360000.0,0.86
2019-05-28,5106.69,5123.78,5135.69,5104.09,77400000.0,-0.67
2019-05-29,5045.81,5074.84,5087.28,5021.54,58000000.0,-1.19
2019-05-30,5064.36,5054.79,5075.56,5050.22,46530000.0,0.37
2019-05-31,5043.99,5045.21,5046.68,5003.58,47320000.0,-0.4
2019-06-03,4985.36,5018.71,5025.69,4971.45,56820000.0,-1.16
2019-06-04,5072.78,4975.88,5075.15,4968.82,75460000.0,1.75
2019-06-05,5082.97,5072.6,5108.16,5058.3,65410000.0,0.2
2019-06-06,5091.55,5095.32,5115.4,5082.48,85000000.0,0.17
2019-06-07,5142.31,5096.26,5142.31,5095.35,69020000.0,1.0
2019-06-10,5173.37,5150.92,5173.48,5148.2,50080000.0,0.6
2019-06-11,5207.15,5163.9,5217.27,5163.9,86360000.0,0.65
2019-06-12,5179.13,5172.94,5192.39,5163.99,66700000.0,-0.54
2019-06-13,5194.08,5167.59,5213.13,5163.34,62820000.0,0.29
2019-06-14,5130.35,5181.49,5186.94,5127.72,73170000.0,-1.23
2019-06-17,5063.67,5136.3,5137.86,5063.67,56900000.0,-1.3
2019-06-18,5125.3,5039.24,5125.3,5039.08,61750000.0,1.22
2019-06-19,5098.93,5122.44,5131.64,5088.52,73180000.0,-0.51
2019-06-20,5096.95,5119.22,5126.53,5076.14,52750000.0,-0.04
2019-06-21,5126.26,5122.25,5156.73,5112.56,106220000.0,0.58
2019-06-24,5084.74,5119.89,5145.3,5077.27,41100000.0,-0.81
2019-06-25,5062.31,5085.58,5101.27,5060.92,41130000.0,-0.44
2019-06-26,5079.45,5065.78,5085.44,5055.58,37660000.0,0.34
2019-06-27,5102.75,5088.39,5102.86,5057.01,64989999.99999999,0.46
2019-06-28,5137.47,5099.27,5137.47,5095.25,70340000.0,0.68
2019-07-01,5188.39,5192.99,5199.19,5164.84,63570000.0,0.99
2019-07-02,5149.16,5208.18,5210.02,5125.9,49600000.0,-0.76
2019-07-03,5180.84,5148.17,5187.47,5148.17,73050000.0,0.62
2019-07-04,5210.07,5190.83,5210.97,5178.07,57920000.0,0.56
2019-07-05,5192.74,5212.37,5215.15,5187.04,53950000.0,-0.33
2019-07-08,5174.52,5174.55,5204.09,5166.26,46360000.0,-0.35
2019-07-09,5153.75,5168.46,5172.22,5132.82,48460000.0,-0.4
2019-07-10,5153.06,5150.29,5176.13,5146.38,52260000.0,-0.01
2019-07-11,5185.69,5181.06,5195.45,5168.47,41730000.0,0.63
2019-07-12,5221.17,5197.97,5232.99,5193.0,45140000.0,0.68
2019-07-15,5260.02,5231.46,5269.91,5231.46,43100000.0,0.74
2019-07-16,5263.54,5252.49,5273.66,5239.34,60670000.0,0.07
2019-07-17,5252.28,5254.12,5263.32,5237.74,45230000.0,-0.21
2019-07-18,5220.59,5226.82,5235.51,5217.15,75380000.0,-0.6
2019-07-19,5202.23,5231.79,5245.52,5191.98,79200000.0,-0.35
2019-07-22,5181.38,5189.2,5207.31,5174.01,68230000.0,-0.4
2019-07-23,5215.03,5203.55,5222.42,5181.81,69470000.0,0.65
2019-07-24,5203.07,5203.3,5215.26,5166.52,74190000.0,-0.23
2019-07-25,5180.8,5200.22,5220.89,5157.26,69940000.0,-0.43
2019-07-26,5141.38,5188.89,5191.94,5141.38,94520000.0,-0.76
2019-07-29,5134.84,5125.74,5148.17,5117.65,61080000.0,-0.13
2019-07-30,5029.67,5101.6,5126.68,5029.2,116620000.0,-2.05
2019-07-31,5010.9,5043.72,5047.56,4999.3,79680000.0,-0.37
2019-08-01,5013.62,4997.19,5018.01,4986.14,66080000.0,0.05
2019-08-02,4903.8,4943.12,4959.76,4893.44,79850000.0,-2.19
2019-08-05,4851.53,4871.43,4878.97,4842.38,64720000.0,-1.07
2019-08-06,4833.38,4858.79,4885.57,4833.38,70680000.0,-0.37
2019-08-07,4839.94,4859.57,4878.75,4816.27,82650000.0,0.14
2019-08-08,4927.22,4888.08,4930.77,4865.48,68640000.0,1.8
2019-08-09,4859.04,4928.03,4928.13,4859.04,88800000.0,-1.38
2019-08-12,4796.2,4880.85,4897.93,4796.2,82220000.0,-1.29
2019-08-13,4825.63,4777.07,4844.32,4760.9,109000000.0,0.61
2019-08-14,4750.68,4832.21,4832.66,4737.82,87930000.0,-1.55
2019-08-15,4718.29,4757.19,4760.59,4699.2,66940000.0,-0.68
2019-08-16,4804.19,4735.35,4806.07,4713.16,162200000.0,1.82
2019-08-19,4851.39,4829.61,4879.71,4828.75,101760000.0,0.98
2019-08-20,4820.95,4844.38,4870.44,4818.23,52650000.0,-0.63
2019-08-21,4853.19,4836.46,4865.38,4836.4,45600000.0,0.67
2019-08-22,4857.1,4839.58,4875.56,4839.34,69310000.0,0.08
2019-08-23,4792.47,4868.41,4877.34,4792.47,63420000.0,-1.33
2019-08-26,4808.24,4762.91,4815.3,4749.71,41200000.0,0.33
2019-08-27,4806.69,4815.9,4826.81,4790.64,47440000.0,-0.03
2019-08-28,4798.07,4809.72,4821.91,4786.97,73440000.0,-0.18
2019-08-29,4813.74,4791.61,4834.26,4791.5,93230000.0,0.33
2019-08-30,4887.63,4826.44,4887.63,4826.44,61840000.0,1.53
2019-09-02,4921.9,4887.7,4923.71,4887.31,54320000.0,0.7
2019-09-03,4885.41,4910.48,4915.81,4864.52,50490000.0,-0.74
2019-09-04,4931.11,4915.17,4951.9,4915.17,63710000.0,0.94
2019-09-05,4970.64,4961.4,4971.84,4929.35,71500000.0,0.8
2019-09-06,4968.51,4958.1,4976.05,4933.51,54220000.0,-0.04
2019-09-09,4966.25,4978.89,4982.05,4948.47,52780000.0,-0.05
2019-09-10,4995.01,4949.97,4997.71,4946.24,97130000.0,0.58
2019-09-11,5005.8,5008.57,5018.94,4980.96,94100000.0,0.22
2019-09-12,5016.81,5010.24,5032.03,4983.12,92660000.0,0.22
2019-09-13,5048.89,5031.86,5064.15,5024.8,88050000.0,0.64
2019-09-16,5071.6,5052.97,5073.75,5031.87,94850000.0,0.45
2019-09-17,5056.37,5064.34,5071.34,5043.33,85530000.0,-0.3
2019-09-18,4991.75,5050.7,5051.31,4982.9,80820000.0,-1.28
2019-09-19,5039.92,4978.81,5039.92,4970.54,69240000.0,0.96
2019-09-20,5016.35,5025.98,5034.26,5014.82,314850000.0,-0.47
2019-09-23,4973.43,5016.3,5019.89,4958.91,106770000.0,-0.86
2019-09-24,4955.87,4984.09,4993.42,4955.87,65879999.99999999,-0.35
2019-09-25,4875.44,4944.21,4944.21,4846.25,140250000.0,-1.62
2019-09-26,4906.45,4885.35,4935.99,4881.74,98670000.0,0.64
2019-09-27,4934.28,4923.02,4961.7,4917.91,54550000.0,0.57
2019-09-30,4973.76,4922.18,4982.97,4913.4,61400000.0,0.8
2019-10-01,4948.99,4960.06,5002.66,4948.93,69870000.0,-0.5
2019-10-02,4882.33,4941.25,4942.2,4882.33,75820000.0,-1.35
2019-10-03,4865.83,4862.49,4897.89,4844.36,115610000.0,-0.34
2019-10-04,4907.87,4871.94,4914.73,4867.91,68560000.0,0.86
2019-10-07,4933.21,4910.36,4933.21,4890.79,40140000.0,0.52
2019-10-08,4913.35,4947.46,4949.84,4891.68,53820000.0,-0.4
2019-10-09,4921.06,4903.55,4929.77,4902.63,40720000.0,0.16
2019-10-10,4944.46,4925.1,4949.98,4904.27,51640000.0,0.48
2019-10-11,5003.97,4947.77,5014.8,4947.28,71370000.0,1.2
2019-10-14,4975.17,4982.82,4985.14,4934.49,51210000.0,-0.58
2019-10-15,4990.44,4983.7,5013.18,4968.91,49600000.0,0.31
2019-10-16,4999.71,4990.57,4999.71,4963.85,65890000.0,0.19
2019-10-17,5013.78,4991.62,5039.55,4989.53,63580000.0,0.28
2019-10-18,4977.16,5009.83,5039.69,4966.04,50000000.0,-0.73
2019-10-21,5016.45,4988.68,5018.46,4984.46,60580000.0,0.79
2019-10-22,5016.18,5019.6,5033.56,4994.28,64370000.00000001,-0.01
2019-10-23,5057.72,5000.03,5057.72,4997.08,70610000.0,0.83
2019-10-24,5082.04,5076.56,5117.02,5065.12,105320000.0,0.48
2019-10-25,5090.25,5088.47,5099.46,5068.38,46220000.0,0.16
2019-10-28,5106.62,5100.22,5115.31,5083.59,44750000.0,0.32
2019-10-29,5084.66,5097.28,5097.28,5060.53,53460000.0,-0.43
2019-10-30,5111.04,5085.81,5111.04,5071.57,53130000.0,0.52
2019-10-31,5119.62,5110.09,5135.43,5087.55,51040000.0,0.17
2019-11-01,5115.9,5123.63,5126.22,5098.38,37170000.0,-0.07
2019-11-04,5203.39,5127.62,5203.39,5123.31,72280000.0,1.71
2019-11-05,5234.42,5206.3,5236.73,5203.91,68100000.0,0.6
2019-11-06,5227.07,5225.48,5243.31,5201.1,74000000.0,-0.14
2019-11-07,5296.56,5237.77,5305.88,5236.45,85820000.0,1.33
2019-11-08,5304.81,5308.45,5315.64,5281.42,110150000.0,0.16
2019-11-11,5294.47,5303.82,5304.5,5268.61,71600000.0,-0.19
2019-11-12,5303.82,5290.91,5328.81,5290.23,69280000.0,0.18
2019-11-13,5293.74,5304.6,5304.66,5270.85,63660000.0,-0.19
2019-11-14,5274.43,5286.24,5288.14,5258.81,64920000.0,-0.36
2019-11-15,5267.66,5290.92,5290.92,5255.44,51020000.0,-0.13
2019-11-18,5263.61,5276.8,5286.25,5253.26,48240000.0,-0.08
2019-11-19,5260.09,5268.93,5280.58,5246.46,45470000.0,-0.07
2019-11-20,5219.58,5237.28,5240.43,5204.19,41470000.0,-0.77
2019-11-21,5172.77,5205.0,5205.0,5172.11,56040000.0,-0.9
2019-11-22,5180.55,5189.76,5212.47,5176.32,48160000.0,0.15
2019-11-25,5181.71,5192.07,5201.77,5179.39,42820000.0,0.02
2019-11-26,5174.8,5163.87,5178.7,5142.28,53960000.0,-0.13
2019-11-27,5188.9,5171.42,5206.52,5156.18,46350000.0,0.27
2019-11-28,5151.35,5137.4,5161.8,5117.09,54920000.0,-0.72
2019-11-29,5127.43,5148.76,5153.2,5127.1,46490000.0,-0.46
2019-12-02,5088.04,5149.89,5161.43,5088.04,57850000.0,-0.77
2019-12-03,5037.61,5099.12,5099.76,5037.61,65129999.99999999,-0.99
2019-12-04,5124.4,5066.38,5128.6,5051.96,46370000.0,1.72
2019-12-05,5128.87,5123.4,5155.08,5116.99,41800000.0,0.09
2019-12-06,5172.86,5135.83,5176.35,5124.46,37780000.0,0.86
2019-12-09,5161.51,5170.49,5178.37,5152.05,38870000.0,-0.22
2019-12-10,5148.63,5148.38,5159.66,5124.34,33670000.0,-0.25
2019-12-11,5148.97,5147.0,5163.51,5129.14,38380000.0,0.01
2019-12-12,5195.54,5151.68,5210.95,5146.61,57460000.0,0.9
2019-12-13,5203.38,5234.78,5246.35,5192.27,133150000.0,0.15
2019-12-16,5221.09,5213.01,5235.49,5213.01,45440000.0,0.34
2019-12-17,5218.84,5209.78,5233.55,5209.78,42080000.0,-0.04
2019-12-18,5201.24,5229.0,5234.37,5196.92,56260000.0,-0.34
2019-12-19,5218.51,5201.78,5218.51,5188.63,56460000.0,0.33
2019-12-20,5240.09,5230.04,5243.06,5211.25,82700000.0,0.41
2019-12-23,5240.08,5241.67,5248.63,5218.92,37920000.0,-0.0
2019-12-24,5231.29,5220.27,5241.7,5211.05,8620000.0,-0.17
2019-12-27,5269.31,5223.43,5281.12,5223.43,49400000.0,0.73
2019-12-30,5236.59,5264.97,5272.71,5236.59,39810000.0,-0.62
2019-12-31,5214.14,5238.23,5238.23,5210.46,19360000.0,-0.43
2020-01-02,5265.78,5239.19,5272.43,5226.67,68310000.0,0.99
2020-01-03,5242.13,5246.93,5253.81,5217.29,57640000.0,-0.45
2020-01-06,5235.9,5215.54,5238.38,5178.25,61350000.0,-0.12
2020-01-07,5230.07,5235.9,5264.35,5230.07,47110000.0,-0.11
2020-01-08,5226.97,5207.96,5226.97,5182.15,49530000.0,-0.06
2020-01-09,5229.19,5242.39,5255.71,5227.11,51790000.0,0.04
2020-01-10,5257.92,5240.06,5258.78,5221.63,31630000.0,0.55
2020-01-13,5260.04,5262.63,5271.26,5247.11,36180000.0,0.04
2020-01-14,5292.22,5274.16,5292.22,5240.59,39930000.0,0.61
2020-01-15,5303.13,5330.67,5336.16,5298.76,64989999.99999999,0.21
2020-01-16,5306.8,5320.61,5321.74,5288.03,57490000.0,0.07
2020-01-17,5307.98,5325.06,5338.65,5307.78,50020000.0,0.02
2020-01-20,5303.81,5315.71,5316.99,5279.15,46120000.0,-0.08
2020-01-21,5276.12,5272.79,5289.69,5257.92,58850000.0,-0.52
2020-01-22,5263.81,5288.78,5295.17,5259.65,47910000.0,-0.23
2020-01-23,5234.74,5243.93,5273.93,5231.07,46540000.0,-0.55
2020-01-24,5286.48,5272.33,5306.04,5250.57,45820000.0,0.99
2020-01-27,5178.89,5237.36,5244.96,5178.89,63790000.0,-2.04
2020-01-28,5243.32,5219.28,5247.21,5195.18,51270000.0,1.24
2020-01-29,5259.35,5259.8,5279.42,5246.56,44440000.0,0.31
2020-01-30,5246.0,5257.72,5265.06,5226.4,54380000.0,-0.25
2020-01-31,5252.03,5272.47,5274.89,5236.18,55100000.0,0.11
2020-02-03,5225.04,5248.19,5250.99,5208.56,44580000.0,-0.51
2020-02-04,5264.14,5248.9,5280.18,5243.59,54210000.0,0.75
2020-02-05,5302.88,5264.02,5309.0,5262.72,60130000.0,0.74
2020-02-06,5287.35,5336.12,5356.59,5284.88,67600000.0,-0.29
2020-02-07,5289.93,5280.85,5291.67,5268.13,43050000.0,0.05
2020-02-10,5282.06,5278.09,5284.46,5254.98,56290000.0,-0.15
2020-02-11,5339.48,5299.28,5356.54,5293.38,59230000.0,1.09
2020-02-12,5314.94,5330.67,5333.9,5302.7,42420000.0,-0.46
2020-02-13,5331.96,5303.82,5331.96,5289.04,57300000.0,0.32
2020-02-14,5328.34,5331.45,5363.49,5320.3,32700000.000000004,-0.07
2020-02-17,5397.46,5369.86,5402.93,5369.86,25560000.0,1.3
2020-02-18,5389.13,5372.5,5401.28,5372.5,36120000.0,-0.15
2020-02-19,5435.85,5401.6,5440.88,5388.99,46580000.0,0.87
2020-02-20,5411.21,5451.76,5454.21,5411.21,52890000.0,-0.45
2020-02-21,5387.0,5424.71,5424.71,5345.77,51330000.0,-0.45
2020-02-24,5197.09,5298.63,5300.58,5184.94,91110000.0,-3.53
2020-02-25,5078.36,5233.34,5240.28,5078.0,90750000.0,-2.28
2020-02-26,5110.34,5044.93,5129.95,4962.9,114590000.0,0.63
2020-02-27,4952.15,5033.0,5064.42,4905.28,104210000.0,-3.1
2020-02-28,4765.73,4799.41,4847.95,4731.98,130610000.0,-3.76
2020-03-02,4816.12,4882.59,4899.95,4707.24,129680000.0,1.06
2020-03-03,4890.02,4897.31,4963.24,4862.37,116400000.0,1.53
2020-03-04,4967.93,4914.33,5002.9,4897.96,81730000.0,1.59
2020-03-05,4858.8,4989.77,4989.77,4840.83,103000000.0,-2.2
2020-03-06,4671.5,4748.26,4766.97,4649.58,137390000.0,-3.85
2020-03-09,4266.88,4460.92,4475.76,4257.79,196370000.0,-8.66
2020-03-10,4237.23,4326.43,4494.22,4232.89,217040000.0,-0.69
2020-03-11,4217.44,4297.56,4339.19,4195.72,144250000.0,-0.47
2020-03-12,3805.92,4039.44,4069.09,3784.3,200140000.0,-9.76
2020-03-13,3837.38,3895.57,4130.94,3811.39,206780000.0,0.83
2020-03-16,3670.03,3634.95,3710.78,3547.01,175420000.0,-4.36
2020-03-17,3834.87,3809.42,3835.05,3638.58,179350000.0,4.49
2020-03-18,3641.8,3806.1,3862.21,3619.81,161300000.0,-5.03
2020-03-19,3596.08,3693.95,3736.91,3580.21,147540000.0,-1.26
2020-03-20,3670.0,3699.2,3766.69,3658.99,218180000.0,2.06
2020-03-23,3600.0,3554.7,3613.67,3500.02,129020000.0,-1.91
2020-03-24,3881.64,3718.38,3881.64,3694.85,155360000.0,7.82
2020-03-25,3955.62,4016.76,4151.94,3850.65,191240000.0,1.91
2020-03-26,4013.65,3912.72,4013.65,3886.36,107070000.0,1.47
2020-03-27,3942.86,3968.65,4014.04,3897.99,91630000.0,-1.76
2020-03-30,3983.24,3932.07,3983.86,3848.45,83300000.0,1.02
2020-03-31,4069.55,4021.1,4098.86,3988.46,126090000.0,2.17
2020-04-01,3992.69,4002.41,4021.16,3952.2,112540000.0,-1.89
2020-04-02,3993.57,4020.64,4046.08,3950.56,166460000.0,0.02
2020-04-03,3972.71,3985.95,4005.75,3961.43,136790000.0,-0.52
2020-04-06,4018.62,4028.57,4044.47,3971.94,119240000.0,1.16
2020-04-07,4069.46,4094.35,4178.21,4032.04,184310000.0,1.27
2020-04-08,4071.37,4057.24,4071.37,4023.52,106670000.0,0.05
2020-04-09,4196.31,4109.58,4215.34,4109.58,138770000.0,3.07
2020-04-14,4231.03,4276.18,4289.24,4215.67,140050000.0,0.83
2020-04-15,4137.91,4234.53,4234.53,4119.22,161290000.0,-2.2
2020-04-16,4106.81,4166.55,4167.29,4088.07,115220000.0,-0.75
2020-04-17,4172.21,4186.78,4197.34,4150.49,95000000.0,1.59
2020-04-20,4129.5,4158.4,4171.74,4073.33,75350000.0,-1.02
2020-04-21,4035.94,4097.68,4100.9,4035.94,84660000.0,-2.27
2020-04-22,4100.59,4036.83,4100.59,4033.42,61340000.0,1.6
2020-04-23,4148.91,4131.25,4162.86,4117.64,85590000.0,1.18
2020-04-24,4112.48,4118.79,4136.1,4069.59,89030000.0,-0.88
2020-04-27,4136.58,4147.18,4162.51,4103.42,66709999.99999999,0.59
2020-04-28,4213.76,4121.68,4228.95,4105.98,99330000.0,1.87
2020-04-29,4310.88,4234.25,4313.05,4220.6,129300000.0,2.3
2020-04-30,4284.18,4342.77,4356.42,4265.73,165100000.0,-0.62
2020-05-04,4186.69,4206.46,4218.56,4149.86,93740000.0,-2.28
2020-05-05,4222.02,4235.23,4261.77,4196.89,101450000.0,0.84
2020-05-06,4185.1,4216.82,4234.92,4179.89,75900000.0,-0.87
2020-05-07,4220.85,4183.39,4235.82,4180.46,67650000.0,0.85
2020-05-08,4238.4,4265.48,4277.95,4230.52,54470000.0,0.42
2020-05-11,4209.83,4241.84,4251.23,4194.84,74040000.0,-0.67
2020-05-12,4152.15,4168.32,4189.66,4146.68,68470000.0,-1.37
2020-05-13,4077.15,4085.05,4133.54,4072.16,105750000.0,-1.81
2020-05-14,3958.57,4046.77,4050.38,3909.68,123600000.0,-2.91
2020-05-15,3995.72,3997.42,4042.63,3976.27,83520000.0,0.94
2020-05-18,4180.22,4064.25,4181.13,4064.25,97490000.0,4.62
2020-05-19,4181.55,4219.56,4219.56,4164.93,122300000.0,0.03
2020-05-20,4223.33,4156.55,4223.33,4145.2,108510000.0,1.0
2020-05-21,4214.95,4171.47,4241.69,4160.86,121580000.0,-0.2
2020-05-22,4241.25,4181.91,4256.93,4166.68,100970000.0,0.62
2020-05-25,4276.97,4257.31,4290.34,4257.31,56470000.0,0.84
2020-05-26,4299.31,4329.38,4334.78,4277.78,121630000.0,0.52
2020-05-27,4304.54,4316.08,4344.3,4276.14,177520000.0,0.12
2020-05-28,4380.64,4330.8,4383.23,4330.38,143970000.0,1.77
2020-05-29,4330.67,4375.75,4376.01,4316.45,139560000.0,-1.14
2020-06-01,4425.86,4376.04,4425.86,4374.98,86720000.0,2.2
2020-06-02,4557.2,4464.85,4557.2,4451.37,191190000.0,2.97
2020-06-03,4636.33,4606.29,4672.5,4598.89,234150000.0,1.74
2020-06-04,4621.13,4606.18,4638.0,4591.0,138040000.0,-0.33
2020-06-05,4609.19,4644.85,4678.2,4588.89,179500000.0,-0.26
2020-06-08,4597.93,4553.95,4622.87,4548.23,164340000.0,-0.24
2020-06-09,4523.08,4610.39,4619.77,4499.12,138930000.0,-1.63
2020-06-10,4483.21,4545.46,4550.52,4463.45,105260000.0,-0.88
2020-06-11,4356.08,4405.82,4427.84,4356.08,126790000.0,-2.84
2020-06-12,4359.99,4310.36,4427.02,4289.14,141160000.0,0.09
2020-06-15,4326.78,4294.78,4343.81,4262.09,83350000.0,-0.76
2020-06-16,4432.27,4395.74,4460.56,4385.55,112440000.0,2.44
2020-06-17,4450.47,4439.94,4487.49,4432.4,95540000.0,0.41
2020-06-18,4428.24,4434.66,4480.94,4415.72,94030000.0,-0.5
2020-06-19,4461.27,4455.95,4470.72,4431.04,101100000.0,0.75
2020-06-22,4414.2,4428.75,4447.26,4403.69,63350000.0,-1.06
2020-06-23,4449.68,4438.78,4468.19,4425.31,59480000.0,0.8
2020-06-24,4371.92,4433.89,4449.64,4371.92,80130000.0,-1.75
2020-06-25,4373.86,4351.57,4378.1,4315.54,80610000.0,0.04
2020-06-26,4359.24,4359.24,4359.24,4359.24,74670000.0,-0.33
2020-06-29,4392.67,4341.33,4398.85,4316.57,72730000.0,0.77
2020-06-30,4390.25,4393.17,4396.67,4366.13,56030000.0,-0.06
2020-07-01,4351.21,4367.54,4373.93,4306.48,60290000.0,-0.89
2020-07-02,4429.03,4372.99,4439.37,4372.99,84210000.0,1.79
2020-07-03,4405.06,4428.22,4441.86,4389.72,41790000.0,-0.54
2020-07-06,4407.48,4444.32,4474.43,4398.15,69480000.0,0.05
2020-07-07,4452.22,4372.79,4456.22,4371.76,67510000.0,1.02
2020-07-08,4476.47,4424.44,4476.47,4409.28,60500000.0,0.54
2020-07-09,4430.35,4490.19,4490.19,4430.35,47080000.0,-1.03
2020-07-10,4464.64,4408.8,4469.41,4402.29,59100000.0,0.77
2020-07-13,4472.83,4462.4,4479.76,4435.23,64080000.0,0.18
2020-07-14,4450.1,4441.23,4450.1,4397.35,68540000.0,-0.51
2020-07-15,4419.93,4473.78,4474.18,4410.79,70000000.0,-0.68
2020-07-16,4468.22,4395.03,4470.93,4394.39,53790000.0,1.09
2020-07-17,4479.77,4480.88,4483.02,4461.26,50780000.0,0.26
2020-07-20,4533.49,4474.36,4533.49,4453.6,69220000.0,1.2
2020-07-21,4545.81,4551.41,4571.64,4534.09,97930000.0,0.27
2020-07-22,4509.75,4539.34,4556.19,4501.77,65310000.0,-0.79
2020-07-23,4538.69,4528.29,4543.69,4507.45,55790000.0,0.64
2020-07-24,4492.3,4507.7,4531.99,4478.41,64310000.0,-1.02
2020-07-27,4452.41,4481.87,4487.63,4445.9,78420000.0,-0.89
2020-07-28,4407.4,4446.94,4455.49,4380.2,43560000.0,-1.01
2020-07-29,4395.6,4404.26,4420.81,4388.44,73080000.0,-0.27
2020-07-30,4305.42,4354.67,4354.67,4282.57,85620000.0,-2.05
2020-07-31,4295.82,4322.65,4362.0,4295.82,57210000.0,-0.22
2020-08-03,4347.85,4293.98,4354.79,4255.48,50710000.0,1.21
2020-08-04,4379.78,4375.61,4387.8,4350.68,47230000.0,0.73
2020-08-05,4403.01,4406.95,4413.57,4386.28,50310000.0,0.53
2020-08-06,4378.27,4386.33,4423.56,4344.01,43340000.0,-0.56
2020-08-07,4367.31,4367.97,4385.24,4349.42,31800000.0,-0.25
